FunctionName, RelativePath,NumberOfBugs
free, bash-4.2\lib\malloc\malloc.c, 0
rl_call_last_kbd_macro, bash-4.2\lib\readline\readline.h, 0
rl_ding, bash-4.2\lib\readline\terminal.c, 0
_rl_abort_internal, bash-4.2\lib\readline\util.c, 0
_rl_pop_executing_macro, bash-4.2\lib\readline\rlprivate.h, 0
_rl_push_executing_macro, bash-4.2\lib\readline\rlprivate.h, 0
wait_sigint_handler, bash-4.2\jobs.c, 0
xfree, bash-4.2\lib\malloc\xmalloc.c, 0
xmalloc, bash-4.2\builtins\mkbuiltins.c, 0
_rl_add_macro_char, bash-4.2\lib\readline\macro.c, 0
_rl_kill_kbd_macro, bash-4.2\lib\readline\macro.c, 0
_rl_next_macro_key, bash-4.2\lib\readline\macro.c, 0
_rl_with_macro_input, bash-4.2\lib\readline\macro.c, 0
rl_end_kbd_macro, bash-4.2\lib\readline\macro.c, 0
rl_push_macro_input, bash-4.2\lib\readline\macro.c, 0
rl_start_kbd_macro, bash-4.2\lib\readline\macro.c, 0
sh_makepath, bash-4.2\lib\sh\makepath.c, 0
strvec_create, bash-4.2\lib\sh\stringvec.c, 0
strvec_resize, bash-4.2\lib\sh\stringvec.c, 0
absolute_program, bash-4.2\general.c, 0
bash_tilde_expand, bash-4.2\general.h, 0
extract_colon_unit, bash-4.2\general.c, 0
same_file, bash-4.2\general.c, 0
phash_insert, bash-4.2\hashcmd.c, 0
phash_remove, bash-4.2\hashcmd.c, 0
phash_search, bash-4.2\hashcmd.c, 0
termsig_handler, bash-4.2\sig.h, 0
throw_to_top_level, bash-4.2\sig.c, 0
find_variable_internal, bash-4.2\variables.c, 0
get_string_value, bash-4.2\variables.h, 0
_find_user_command_internal, bash-4.2\findcmd.c, 0
executable_file, bash-4.2\findcmd.c, 0
executable_or_directory, bash-4.2\findcmd.c, 0
file_status, bash-4.2\findcmd.c, 0
find_absolute_program, bash-4.2\findcmd.c, 0
find_in_path_element, bash-4.2\findcmd.c, 0
find_path_file, bash-4.2\findcmd.c, 0
find_user_command, bash-4.2\findcmd.c, 0
find_user_command_in_path, bash-4.2\findcmd.c, 0
find_user_command_internal, bash-4.2\findcmd.c, 0
get_next_path_element, bash-4.2\findcmd.c, 0
is_directory, bash-4.2\findcmd.c, 0
search_for_command, bash-4.2\findcmd.c, 0
user_command_matches, bash-4.2\findcmd.c, 0
dispose_function_def, bash-4.2\dispose_cmd.h, 0
dispose_redirects, bash-4.2\dispose_cmd.h, 0
dispose_word, bash-4.2\dispose_cmd.h, 0
dispose_words, bash-4.2\dispose_cmd.h, 0
command_error, bash-4.2\error.c, 0
dispose_command, bash-4.2\dispose_cmd.c, 0
dispose_function_def_contents, bash-4.2\dispose_cmd.c, 0
dispose_word_desc, bash-4.2\dispose_cmd.c, 0
memset, bash-4.2\lib\sh\memset.c, 0
_rl_stricmp, bash-4.2\lib\readline\util.c, 0
_rl_strnicmp, bash-4.2\lib\readline\rldefs.h, 0
_rl_strpbrk, bash-4.2\lib\readline\util.c, 0
strchr, bash-4.2\lib\sh\oslib.c, 0
strrchr, bash-4.2\lib\sh\oslib.c, 0
stpcpy, bash-4.2\lib\intl\l10nflist.c, 0
internal_getopt, bash-4.2\builtins\bashgetopt.c, 0
reset_internal_getopt, bash-4.2\builtins\bashgetopt.c, 0
builtin_error, bash-4.2\builtins\common.c, 0
builtin_usage, bash-4.2\builtins\common.c, 0
realpath_builtin, bash-4.2\examples\loadables\realpath.c, 0
sh_realpath, bash-4.2\lib\sh\pathphys.c, 0
cleanup_the_pipeline, bash-4.2\jobs.c, 0
count_all_jobs, bash-4.2\jobs.c, 0
delete_all_jobs, bash-4.2\jobs.c, 0
delete_job, bash-4.2\jobs.h, 0
end_job_control, bash-4.2\jobs.c, 0
file_error, bash-4.2\builtins\mkbuiltins.c, 0
freeze_jobs_list, bash-4.2\jobs.c, 0
hangup_all_jobs, bash-4.2\jobs.c, 0
glue_prefix_and_suffix, bash-4.2\lib\readline\tilde.c, 0
init_job_stats, bash-4.2\jobs.c, 0
ignore_tty_job_signals, bash-4.2\jobs.h, 0
initialize_job_control, bash-4.2\jobs.c, 0
job_exit_signal, bash-4.2\jobs.c, 0
job_exit_status, bash-4.2\jobs.c, 0
kill_current_pipeline, bash-4.2\jobs.c, 0
list_all_jobs, bash-4.2\jobs.c, 0
list_one_job, bash-4.2\jobs.c, 0
list_running_jobs, bash-4.2\jobs.c, 0
list_stopped_jobs, bash-4.2\jobs.c, 0
main, bash-4.2\support\mksignames.c, 0
making_children, bash-4.2\jobs.c, 0
nohup_all_jobs, bash-4.2\jobs.c, 0
nohup_job, bash-4.2\jobs.c, 0
notify_and_cleanup, bash-4.2\jobs.c, 0
programming_error, bash-4.2\error.c, 0
restart_job_control, bash-4.2\jobs.c, 0
restore_pipeline, bash-4.2\jobs.c, 0
run_sigchld_trap, bash-4.2\jobs.c, 0
save_pipeline, bash-4.2\jobs.c, 0
set_job_control, bash-4.2\jobs.c, 0
set_sigchld_handler, bash-4.2\jobs.c, 0
restore_sigint_handler, bash-4.2\jobs.c, 0
start_job, bash-4.2\jobs.c, 0
sh_unset_nodelay_mode, bash-4.2\lib\readline\shell.c, 0
start_pipeline, bash-4.2\jobs.h, 0
stop_making_children, bash-4.2\jobs.c, 0
terminate_current_pipeline, bash-4.2\jobs.c, 0
terminate_stopped_jobs, bash-4.2\jobs.c, 0
tilde_find_suffix, bash-4.2\lib\readline\tilde.c, 0
usage, bash-4.2\lib\readline\examples\rl.c, 0
wait_for_job, bash-4.2\jobs.c, 0
without_job_control, bash-4.2\jobs.c, 0
malloc_unwatch, bash-4.2\lib\malloc\watch.c, 0
malloc_watch, bash-4.2\lib\malloc\watch.c, 0
sys_error, bash-4.2\error.c, 0
sh_single_quote, bash-4.2\lib\readline\shell.c, 0
getc_with_restart, bash-4.2\input.c, 0
ungetc_with_restart, bash-4.2\input.c, 0
locale_charset, bash-4.2\lib\intl\localcharset.c, 0
false_builtin, bash-4.2\examples\loadables\truefalse.c, 0
true_builtin, bash-4.2\examples\loadables\truefalse.c, 0
dolink, bash-4.2\examples\loadables\ln.c, 0
ln_builtin, bash-4.2\examples\loadables\ln.c, 0
mkdirpath, bash-4.2\examples\loadables\ln.c, 0
shell_version_string, bash-4.2\version.c, 0
show_shell_version, bash-4.2\version.c, 0
free_history_entry, bash-4.2\lib\readline\history.h, 0
add_history, bash-4.2\lib\readline\history.c, 0
add_history_time, bash-4.2\lib\readline\history.c, 0
alloc_history_entry, bash-4.2\lib\readline\history.c, 0
clear_history, bash-4.2\lib\readline\history.c, 0
copy_history_entry, bash-4.2\lib\readline\history.c, 0
current_history, bash-4.2\lib\readline\history.c, 0
hist_inittime, bash-4.2\lib\readline\history.c, 0
history_get, bash-4.2\lib\readline\history.c, 0
history_get_history_state, bash-4.2\lib\readline\history.c, 0
history_get_time, bash-4.2\lib\readline\history.c, 0
history_is_stifled, bash-4.2\lib\readline\history.c, 0
history_list, bash-4.2\lib\readline\history.c, 0
history_set_history_state, bash-4.2\lib\readline\history.c, 0
history_set_pos, bash-4.2\lib\readline\history.c, 0
history_total_bytes, bash-4.2\lib\readline\history.c, 0
next_history, bash-4.2\lib\readline\history.c, 0
previous_history, bash-4.2\lib\readline\history.c, 0
remove_history, bash-4.2\lib\readline\history.c, 0
replace_history_data, bash-4.2\lib\readline\history.c, 0
replace_history_entry, bash-4.2\lib\readline\history.c, 0
stifle_history, bash-4.2\lib\readline\history.c, 0
unstifle_history, bash-4.2\lib\readline\history.c, 0
using_history, bash-4.2\lib\readline\history.c, 0
where_history, bash-4.2\lib\readline\history.c, 0
no_options, bash-4.2\builtins\common.c, 0
dirname_builtin, bash-4.2\examples\loadables\dirname.c, 0
copy_command, bash-4.2\command.h, 0
copy_function_def, bash-4.2\copy_cmd.c, 0
copy_function_def_contents, bash-4.2\copy_cmd.c, 0
copy_redirect, bash-4.2\copy_cmd.c, 0
copy_redirects, bash-4.2\copy_cmd.c, 0
copy_word, bash-4.2\copy_cmd.c, 0
copy_word_list, bash-4.2\copy_cmd.c, 0
tee_builtin, bash-4.2\examples\loadables\tee.c, 0
parse_plural_expression, bash-4.2\lib\intl\plural.c, 0
strstr, bash-4.2\lib\sh\strstr.c, 0
extract_plural_expression, bash-4.2\lib\intl\plural-exp.c, 0
malloc, bash-4.2\lib\malloc\malloc.c, 0
realloc, bash-4.2\lib\malloc\malloc.c, 0
strtod, bash-4.2\lib\sh\strtod.c, 0
restore_parser_state, bash-4.2\shell.h, 0
save_parser_state, bash-4.2\shell.h, 0
rl_backward_char, bash-4.2\lib\readline\text.c, 0
rl_beg_of_line, bash-4.2\lib\readline\text.c, 0
rl_begin_undo_group, bash-4.2\lib\readline\undo.c, 0
rl_beginning_of_history, bash-4.2\lib\readline\misc.c, 0
rl_clear_message, bash-4.2\lib\readline\display.c, 0
rl_complete, bash-4.2\lib\readline\complete.c, 0
rl_complete_internal, bash-4.2\lib\readline\readline.h, 0
rl_delete_text, bash-4.2\lib\readline\text.c, 0
rl_digit_argument, bash-4.2\lib\readline\misc.c, 0
rl_do_undo, bash-4.2\lib\readline\undo.c, 0
rl_end_of_line, bash-4.2\lib\readline\text.c, 0
rl_end_undo_group, bash-4.2\lib\readline\undo.c, 0
rl_forward_char, bash-4.2\lib\readline\text.c, 0
rl_free_undo_list, bash-4.2\lib\readline\undo.c, 0
rl_get_previous_history, bash-4.2\lib\readline\readline.h, 0
rl_insert_text, bash-4.2\lib\readline\text.c, 0
rl_kill_text, bash-4.2\lib\readline\kill.c, 0
rl_make_bare_keymap, bash-4.2\lib\readline\keymaps.c, 0
rl_newline, bash-4.2\lib\readline\text.c, 0
rl_noninc_forward_search, bash-4.2\lib\readline\search.c, 0
rl_noninc_forward_search_again, bash-4.2\lib\readline\search.c, 0
rl_noninc_reverse_search, bash-4.2\lib\readline\search.c, 0
rl_noninc_reverse_search_again, bash-4.2\lib\readline\search.c, 0
rl_read_key, bash-4.2\lib\readline\input.c, 2
rl_rubout, bash-4.2\lib\readline\text.c, 0
rl_stuff_char, bash-4.2\lib\readline\readline.h, 0
rl_tilde_expand, bash-4.2\lib\readline\util.c, 0
rl_undo_command, bash-4.2\lib\readline\undo.c, 0
rl_universal_argument, bash-4.2\lib\readline\readline.h, 0
rl_vi_bWord, bash-4.2\lib\readline\readline.h, 0
rl_vi_bracktype, bash-4.2\lib\readline\readline.h, 0
rl_vi_bword, bash-4.2\lib\readline\readline.h, 0
rl_vi_check, bash-4.2\lib\readline\readline.h, 0
rl_vi_delete, bash-4.2\lib\readline\readline.h, 0
rl_vi_eWord, bash-4.2\lib\readline\readline.h, 0
rl_vi_end_word, bash-4.2\lib\readline\readline.h, 0
rl_vi_eword, bash-4.2\lib\readline\readline.h, 0
rl_vi_fWord, bash-4.2\lib\readline\readline.h, 0
rl_vi_fword, bash-4.2\lib\readline\readline.h, 0
rl_vi_insert_mode, bash-4.2\lib\readline\readline.h, 0
rl_vi_insertion_mode, bash-4.2\lib\readline\readline.h, 0
rl_vi_next_word, bash-4.2\lib\readline\readline.h, 0
rl_yank, bash-4.2\lib\readline\kill.c, 0
rl_yank_nth_arg, bash-4.2\lib\readline\kill.c, 0
_rl_arg_getchar, bash-4.2\lib\readline\misc.c, 0
_rl_arg_overflow, bash-4.2\lib\readline\misc.c, 0
_rl_callback_data_alloc, bash-4.2\lib\readline\callback.c, 0
_rl_char_search_internal, bash-4.2\lib\readline\text.c, 0
_rl_dispatch, bash-4.2\lib\readline\rlprivate.h, 0
_rl_errmsg, bash-4.2\lib\readline\util.c, 0
_rl_forward_char_internal, bash-4.2\lib\readline\text.c, 0
_rl_free_saved_history_line, bash-4.2\lib\readline\misc.c, 0
_rl_insert_char, bash-4.2\lib\readline\text.c, 0
_rl_overwrite_char, bash-4.2\lib\readline\text.c, 0
_rl_mvcxt_alloc, bash-4.2\lib\readline\vi_mode.c, 0
_rl_mvcxt_dispose, bash-4.2\lib\readline\vi_mode.c, 0
_rl_mvcxt_init, bash-4.2\lib\readline\vi_mode.c, 0
_rl_vi_append_forward, bash-4.2\lib\readline\vi_mode.c, 0
_rl_vi_arg_dispatch, bash-4.2\lib\readline\vi_mode.c, 0
_rl_vi_backup, bash-4.2\lib\readline\vi_mode.c, 0
_rl_vi_callback_change_char, bash-4.2\lib\readline\vi_mode.c, 0
_rl_vi_callback_char_search, bash-4.2\lib\readline\vi_mode.c, 0
_rl_vi_callback_getchar, bash-4.2\lib\readline\vi_mode.c, 0
_rl_vi_callback_goto_mark, bash-4.2\lib\readline\vi_mode.c, 0
_rl_vi_callback_set_mark, bash-4.2\lib\readline\vi_mode.c, 0
_rl_vi_change_char, bash-4.2\lib\readline\vi_mode.c, 0
_rl_vi_domove_callback, bash-4.2\lib\readline\vi_mode.c, 0
_rl_vi_done_inserting, bash-4.2\lib\readline\vi_mode.c, 0
_rl_vi_goto_mark, bash-4.2\lib\readline\vi_mode.c, 0
_rl_vi_initialize_line, bash-4.2\lib\readline\vi_mode.c, 0
_rl_vi_reset_last, bash-4.2\lib\readline\vi_mode.c, 0
_rl_vi_save_insert, bash-4.2\lib\readline\vi_mode.c, 0
_rl_vi_set_last, bash-4.2\lib\readline\vi_mode.c, 0
_rl_vi_set_mark, bash-4.2\lib\readline\vi_mode.c, 0
_rl_vi_stuff_insert, bash-4.2\lib\readline\vi_mode.c, 0
_rl_vi_textmod_command, bash-4.2\lib\readline\vi_mode.c, 0
rl_digit_loop1, bash-4.2\lib\readline\vi_mode.c, 0
rl_domove_motion_callback, bash-4.2\lib\readline\vi_mode.c, 0
rl_domove_read_callback, bash-4.2\lib\readline\vi_mode.c, 1
rl_vi_append_eol, bash-4.2\lib\readline\vi_mode.c, 0
rl_vi_append_mode, bash-4.2\lib\readline\vi_mode.c, 0
rl_vi_arg_digit, bash-4.2\lib\readline\vi_mode.c, 0
rl_vi_back_to_indent, bash-4.2\lib\readline\vi_mode.c, 0
rl_vi_change_case, bash-4.2\lib\readline\vi_mode.c, 0
rl_vi_change_char, bash-4.2\lib\readline\vi_mode.c, 0
rl_vi_change_to, bash-4.2\lib\readline\vi_mode.c, 3
rl_vi_char_search, bash-4.2\lib\readline\vi_mode.c, 0
rl_vi_column, bash-4.2\lib\readline\vi_mode.c, 0
rl_vi_complete, bash-4.2\lib\readline\vi_mode.c, 0
rl_vi_delete_to, bash-4.2\lib\readline\vi_mode.c, 3
rl_vi_domove, bash-4.2\lib\readline\vi_mode.c, 0
rl_vi_domove_getchar, bash-4.2\lib\readline\vi_mode.c, 0
rl_vi_eof_maybe, bash-4.2\lib\readline\vi_mode.c, 0
rl_vi_fetch_history, bash-4.2\lib\readline\vi_mode.c, 0
rl_vi_first_print, bash-4.2\lib\readline\vi_mode.c, 0
rl_vi_goto_mark, bash-4.2\lib\readline\vi_mode.c, 0
rl_vi_insert_beg, bash-4.2\lib\readline\vi_mode.c, 0
rl_vi_match, bash-4.2\lib\readline\vi_mode.c, 0
rl_vi_movement_mode, bash-4.2\lib\readline\vi_mode.c, 0
rl_vi_overstrike, bash-4.2\lib\readline\vi_mode.c, 0
rl_vi_overstrike_delete, bash-4.2\lib\readline\vi_mode.c, 0
rl_vi_prev_word, bash-4.2\lib\readline\vi_mode.c, 0
rl_vi_put, bash-4.2\lib\readline\vi_mode.c, 0
rl_vi_redo, bash-4.2\lib\readline\vi_mode.c, 0
rl_vi_replace, bash-4.2\lib\readline\vi_mode.c, 0
rl_vi_rubout, bash-4.2\lib\readline\vi_mode.c, 0
rl_vi_search, bash-4.2\lib\readline\vi_mode.c, 0
rl_vi_search_again, bash-4.2\lib\readline\vi_mode.c, 0
rl_vi_set_mark, bash-4.2\lib\readline\vi_mode.c, 0
rl_vi_start_inserting, bash-4.2\lib\readline\vi_mode.c, 0
rl_vi_subst, bash-4.2\lib\readline\vi_mode.c, 0
rl_vi_tilde_expand, bash-4.2\lib\readline\vi_mode.c, 0
rl_vi_undo, bash-4.2\lib\readline\vi_mode.c, 0
rl_vi_yank_arg, bash-4.2\lib\readline\vi_mode.c, 0
rl_vi_yank_to, bash-4.2\lib\readline\vi_mode.c, 1
vi_change_dispatch, bash-4.2\lib\readline\vi_mode.c, 0
vi_delete_dispatch, bash-4.2\lib\readline\vi_mode.c, 0
vi_yank_dispatch, bash-4.2\lib\readline\vi_mode.c, 0
vidomove_dispatch, bash-4.2\lib\readline\vi_mode.c, 0
full_pathname, bash-4.2\general.c, 0
remember_mail_dates, bash-4.2\mailcheck.h, 0
expand_string_to_string, bash-4.2\subst.c, 0
bind_variable, bash-4.2\variables.h, 0
unbind_variable, bash-4.2\variables.c, 0
add_mail_file, bash-4.2\mailcheck.c, 0
alloc_mail_file, bash-4.2\mailcheck.c, 0
check_mail, bash-4.2\mailcheck.c, 0
dispose_mail_file, bash-4.2\mailcheck.c, 0
file_access_date_changed, bash-4.2\mailcheck.c, 0
file_has_grown, bash-4.2\mailcheck.c, 0
file_mod_date_changed, bash-4.2\mailcheck.c, 0
find_mail_file, bash-4.2\mailcheck.c, 0
free_mail_files, bash-4.2\mailcheck.c, 0
init_mail_dates, bash-4.2\mailcheck.c, 0
init_mail_file, bash-4.2\mailcheck.c, 0
mailstat, bash-4.2\lib\sh\mailstat.c, 0
make_default_mailpath, bash-4.2\mailcheck.c, 0
parse_mailpath_spec, bash-4.2\mailcheck.c, 0
reset_mail_files, bash-4.2\mailcheck.c, 0
reset_mail_timer, bash-4.2\mailcheck.c, 0
time_to_check_mail, bash-4.2\mailcheck.c, 0
update_mail_file, bash-4.2\mailcheck.c, 0
readline, bash-4.2\lib\readline\readline.c, 0
rl_untranslate_keyseq, bash-4.2\lib\readline\bind.c, 0
rl_variable_bind, bash-4.2\lib\readline\readline.h, 0
fatal_error, bash-4.2\error.c, 0
j_strsignal, bash-4.2\jobs.c, 0
stdcat, bash-4.2\lib\readline\examples\rlcat.c, 0
unfreeze_jobs_list, bash-4.2\jobs.c, 0
rl_insert, bash-4.2\lib\readline\text.c, 0
rl_copy_keymap, bash-4.2\lib\readline\keymaps.c, 0
rl_discard_keymap, bash-4.2\lib\readline\keymaps.c, 0
rl_free_keymap, bash-4.2\lib\readline\keymaps.c, 0
rl_make_keymap, bash-4.2\lib\readline\keymaps.c, 0
strftime, bash-4.2\lib\sh\strftime.c, 0
add_links, bash-4.2\support\man2html.c, 0
add_to_index, bash-4.2\support\man2html.c, 0
change_to_font, bash-4.2\support\man2html.c, 0
change_to_size, bash-4.2\support\man2html.c, 0
clear_table, bash-4.2\support\man2html.c, 0
escape_input, bash-4.2\support\man2html.c, 0
expand_char, bash-4.2\support\man2html.c, 0
expand_string, bash-4.2\support\man2html.c, 0
fill_words, bash-4.2\support\man2html.c, 0
flush, bash-4.2\support\man2html.c, 0
lookup_abbrev, bash-4.2\support\man2html.c, 0
j_strsignal, bash-4.2\nojobs.c, 0
next_row, bash-4.2\support\man2html.c, 0
out_html, bash-4.2\support\man2html.c, 0
outputPageFooter, bash-4.2\support\man2html.c, 0
outputPageHeader, bash-4.2\support\man2html.c, 0
print_sig, bash-4.2\support\man2html.c, 0
read_man_page, bash-4.2\support\man2html.c, 0
scan_escape, bash-4.2\support\man2html.c, 0
scan_expression, bash-4.2\support\man2html.c, 0
scan_format, bash-4.2\support\man2html.c, 0
scan_request, bash-4.2\support\man2html.c, 0
scan_table, bash-4.2\support\man2html.c, 0
scan_troff, bash-4.2\support\man2html.c, 0
scan_troff_mandoc, bash-4.2\support\man2html.c, 0
skip_till_newline, bash-4.2\support\man2html.c, 0
stralloc, bash-4.2\support\man2html.c, 0
strduplicate, bash-4.2\support\man2html.c, 0
strerror, bash-4.2\support\man2html.c, 0
strgrow, bash-4.2\support\man2html.c, 0
strlimitcpy, bash-4.2\support\man2html.c, 0
strmaxcat, bash-4.2\support\man2html.c, 0
strmaxcpy, bash-4.2\support\man2html.c, 0
trans_char, bash-4.2\support\man2html.c, 0
unescape, bash-4.2\support\man2html.c, 0
unfreeze_jobs_list, bash-4.2\nojobs.c, 0
mbschr, bash-4.2\lib\sh\mbschr.c, 0
bcoalesce, bash-4.2\lib\malloc\malloc.c, 0
botch, bash-4.2\lib\malloc\malloc.c, 0
bsplit, bash-4.2\lib\malloc\malloc.c, 0
calloc, bash-4.2\lib\malloc\malloc.c, 0
cfree, bash-4.2\lib\malloc\malloc.c, 0
internal_calloc, bash-4.2\lib\malloc\malloc.c, 0
internal_cfree, bash-4.2\lib\malloc\malloc.c, 0
internal_free, bash-4.2\lib\malloc\malloc.c, 0
internal_malloc, bash-4.2\lib\malloc\malloc.c, 0
internal_memalign, bash-4.2\lib\malloc\malloc.c, 0
internal_realloc, bash-4.2\lib\malloc\malloc.c, 0
internal_valloc, bash-4.2\lib\malloc\malloc.c, 0
lesscore, bash-4.2\lib\malloc\malloc.c, 0
malloc_debug_dummy, bash-4.2\lib\malloc\malloc.c, 0
memalign, bash-4.2\lib\malloc\malloc.c, 0
morecore, bash-4.2\lib\malloc\malloc.c, 0
pagealign, bash-4.2\lib\malloc\malloc.c, 0
sh_calloc, bash-4.2\lib\malloc\malloc.c, 0
sh_cfree, bash-4.2\lib\malloc\malloc.c, 0
sh_free, bash-4.2\lib\malloc\malloc.c, 0
sh_malloc, bash-4.2\lib\malloc\malloc.c, 0
sh_memalign, bash-4.2\lib\malloc\malloc.c, 0
sh_realloc, bash-4.2\lib\malloc\malloc.c, 0
sh_valloc, bash-4.2\lib\malloc\malloc.c, 0
valloc, bash-4.2\lib\malloc\malloc.c, 0
xbotch, bash-4.2\lib\malloc\malloc.c, 0
xsplit, bash-4.2\lib\malloc\malloc.c, 0
libintl_bind_textdomain_codeset, bash-4.2\lib\intl\bindtextdom.c, 0
libintl_bindtextdomain, bash-4.2\lib\intl\bindtextdom.c, 0
set_binding_values, bash-4.2\lib\intl\bindtextdom.c, 0
sh_getopt, bash-4.2\builtins\getopt.c, 0
sh_getopt_restore_state, bash-4.2\builtins\getopt.c, 0
close_fd_bitmap, bash-4.2\execute_cmd.c, 0
dispose_exec_redirects, bash-4.2\execute_cmd.c, 0
dispose_fd_bitmap, bash-4.2\execute_cmd.c, 0
execute_command, bash-4.2\execute_cmd.c, 0
execute_command_internal, bash-4.2\execute_cmd.h, 0
execute_shell_function, bash-4.2\execute_cmd.c, 0
executing_line_number, bash-4.2\execute_cmd.c, 0
new_fd_bitmap, bash-4.2\execute_cmd.c, 0
setup_async_signals, bash-4.2\execute_cmd.h, 0
shell_execve, bash-4.2\execute_cmd.h, 0
rl_clear_pending_input, bash-4.2\lib\readline\input.c, 0
rl_forced_update_display, bash-4.2\lib\readline\display.c, 0
_rl_replace_text, bash-4.2\lib\readline\text.c, 0
_rl_reset_argument, bash-4.2\lib\readline\misc.c, 0
_rl_set_the_line, bash-4.2\lib\readline\readline.c, 0
strerror, bash-4.2\lib\sh\strerror.c, 0
_rl_digit_p, bash-4.2\lib\readline\util.c, 0
_rl_digit_value, bash-4.2\lib\readline\util.c, 0
_rl_lowercase_p, bash-4.2\lib\readline\util.c, 0
_rl_null_function, bash-4.2\lib\readline\util.c, 0
_rl_pure_alphabetic, bash-4.2\lib\readline\util.c, 0
_rl_qsort_string_compare, bash-4.2\lib\readline\util.c, 0
_rl_savestring, bash-4.2\lib\readline\util.c, 0
_rl_strindex, bash-4.2\lib\readline\util.c, 0
_rl_to_lower, bash-4.2\lib\readline\util.c, 0
_rl_to_upper, bash-4.2\lib\readline\util.c, 0
_rl_ttymsg, bash-4.2\lib\readline\util.c, 0
_rl_uppercase_p, bash-4.2\lib\readline\util.c, 0
rl_abort, bash-4.2\lib\readline\util.c, 0
rl_alphabetic, bash-4.2\lib\readline\util.c, 0
rl_copy_text, bash-4.2\lib\readline\util.c, 0
rl_extend_line_buffer, bash-4.2\lib\readline\util.c, 0
rl_free, bash-4.2\lib\readline\util.c, 0
rl_tty_status, bash-4.2\lib\readline\util.c, 0
initialize_siglist, bash-4.2\siglist.c, 0
fcopy, bash-4.2\examples\loadables\cat.c, 0
get_current_prompt_level, bash-4.2\y.tab.c, 0
parse_command, bash-4.2\eval.c, 0
reset_parser, bash-4.2\y.tab.c, 0
set_current_prompt_level, bash-4.2\y.tab.c, 0
zcatfd, bash-4.2\lib\sh\zcatfd.c, 0
pop_stream, bash-4.2\y.tab.c, 0
push_stream, bash-4.2\y.tab.c, 0
with_input_from_string, bash-4.2\y.tab.c, 0
redirection_error, bash-4.2\redir.c, 0
redirection_expand, bash-4.2\redir.h, 0
jump_to_top_level, bash-4.2\sig.h, 0
run_trap_cleanup, bash-4.2\trap.c, 0
add_unwind_protect, bash-4.2\unwind_prot.h, 0
begin_unwind_frame, bash-4.2\unwind_prot.c, 0
discard_unwind_frame, bash-4.2\unwind_prot.c, 0
have_unwind_protects, bash-4.2\unwind_prot.c, 0
run_unwind_frame, bash-4.2\unwind_prot.c, 0
unwind_protect_mem, bash-4.2\unwind_prot.c, 0
cat_file, bash-4.2\builtins\evalstring.c, 0
parse_and_execute, bash-4.2\builtins\evalstring.c, 0
parse_and_execute_cleanup, bash-4.2\builtins\evalstring.c, 0
parse_prologue, bash-4.2\builtins\evalstring.c, 0
parse_string, bash-4.2\builtins\evalstring.c, 0
get_current_user_info, bash-4.2\shell.c, 0
whoami_builtin, bash-4.2\examples\loadables\whoami.c, 0
cat_builtin, bash-4.2\examples\loadables\cat.c, 0
cat_main, bash-4.2\examples\loadables\cat.c, 0
fatal_error, bash-4.2\CWRU\misc\errlist.c, 0
make_builtin_argv, bash-4.2\builtins\common.c, 0
rl_backward_char_search, bash-4.2\lib\readline\text.c, 0
rl_backward_kill_line, bash-4.2\lib\readline\readline.h, 0
rl_backward_kill_word, bash-4.2\lib\readline\readline.h, 0
rl_backward_word, bash-4.2\lib\readline\readline.h, 0
rl_capitalize_word, bash-4.2\lib\readline\text.c, 0
rl_char_search, bash-4.2\lib\readline\text.c, 0
rl_clear_screen, bash-4.2\lib\readline\text.c, 0
rl_delete, bash-4.2\lib\readline\readline.h, 0
rl_delete_horizontal_space, bash-4.2\lib\readline\text.c, 0
rl_do_lowercase_version, bash-4.2\lib\readline\text.c, 0
rl_downcase_word, bash-4.2\lib\readline\text.c, 0
rl_end_of_history, bash-4.2\lib\readline\misc.c, 0
rl_exchange_point_and_mark, bash-4.2\lib\readline\text.c, 0
rl_forward_search_history, bash-4.2\lib\readline\isearch.c, 0
rl_forward_word, bash-4.2\lib\readline\text.c, 0
rl_get_next_history, bash-4.2\lib\readline\misc.c, 0
rl_insert_comment, bash-4.2\lib\readline\text.c, 0
rl_insert_completions, bash-4.2\lib\readline\complete.c, 0
rl_kill_line, bash-4.2\lib\readline\kill.c, 0
rl_kill_word, bash-4.2\lib\readline\kill.c, 0
rl_possible_completions, bash-4.2\lib\readline\complete.c, 0
rl_quoted_insert, bash-4.2\lib\readline\text.c, 0
rl_re_read_init_file, bash-4.2\lib\readline\bind.c, 0
rl_reverse_search_history, bash-4.2\lib\readline\isearch.c, 0
rl_revert_line, bash-4.2\lib\readline\undo.c, 0
rl_set_mark, bash-4.2\lib\readline\text.c, 0
rl_tab_insert, bash-4.2\lib\readline\text.c, 0
rl_transpose_chars, bash-4.2\lib\readline\text.c, 0
rl_transpose_words, bash-4.2\lib\readline\text.c, 0
rl_unix_line_discard, bash-4.2\lib\readline\kill.c, 0
rl_unix_word_rubout, bash-4.2\lib\readline\kill.c, 0
rl_upcase_word, bash-4.2\lib\readline\text.c, 0
rl_vi_editing_mode, bash-4.2\lib\readline\misc.c, 0
rl_yank_last_arg, bash-4.2\lib\readline\kill.c, 0
rl_yank_pop, bash-4.2\lib\readline\kill.c, 0
assign_mypid, bash-4.2\examples\loadables\mypid.c, 0
enable_mypid_builtin, bash-4.2\examples\loadables\mypid.c, 0
get_mypid, bash-4.2\examples\loadables\mypid.c, 0
plural_eval, bash-4.2\lib\intl\eval-plural.h, 0
SWAP, bash-4.2\lib\intl\gettextP.h, 0
_nl_find_domain, bash-4.2\lib\intl\finddomain.c, 0
_nl_find_msg, bash-4.2\lib\intl\gettextP.h, 0
_nl_load_domain, bash-4.2\lib\intl\loadmsgcat.c, 0
_nl_locale_name, bash-4.2\lib\intl\localename.c, 0
hash_string, bash-4.2\lib\intl\hash-string.h, 0
_nl_log_untranslated, bash-4.2\lib\intl\log.c, 0
category_to_name, bash-4.2\lib\intl\dcigettext.c, 0
guess_category_value, bash-4.2\lib\intl\dcigettext.c, 0
libintl_dcigettext, bash-4.2\lib\intl\dcigettext.c, 0
mempcpy, bash-4.2\lib\intl\dcigettext.c, 0
plural_lookup, bash-4.2\lib\intl\dcigettext.c, 0
stop_pipeline, bash-4.2\jobs.c, 0
strmatch, bash-4.2\lib\glob\strmatch.c, 0
xstrmatch, bash-4.2\lib\glob\smatch.c, 0
binary_test, bash-4.2\test.c, 0
test_binop, bash-4.2\test.h, 0
test_command, bash-4.2\test.c, 0
test_unop, bash-4.2\test.h, 0
unary_test, bash-4.2\test.h, 0
err_unboundvar, bash-4.2\error.c, 0
internal_error, bash-4.2\error.c, 0
top_level_cleanup, bash-4.2\sig.c, 0
bind_int_variable, bash-4.2\variables.c, 0
find_variable, bash-4.2\variables.h, 0
get_variable_value, bash-4.2\variables.c, 0
stupidly_hack_special_variables, bash-4.2\variables.h, 0
_is_arithop, bash-4.2\expr.c, 0
_is_multiop, bash-4.2\expr.c, 0
alloc_lvalue, bash-4.2\expr.c, 0
evalerror, bash-4.2\expr.c, 0
evalexp, bash-4.2\expr.c, 0
exp0, bash-4.2\expr.c, 0
exp1, bash-4.2\expr.c, 0
exp2, bash-4.2\expr.c, 1
exp3, bash-4.2\expr.c, 0
exp4, bash-4.2\expr.c, 0
exp5, bash-4.2\expr.c, 0
expassign, bash-4.2\expr.c, 2
expband, bash-4.2\expr.c, 0
expbor, bash-4.2\expr.c, 0
expbxor, bash-4.2\expr.c, 0
expcomma, bash-4.2\expr.c, 0
expcond, bash-4.2\expr.c, 0
expland, bash-4.2\expr.c, 0
explor, bash-4.2\expr.c, 0
exppower, bash-4.2\expr.c, 0
expr_bind_array_element, bash-4.2\expr.c, 0
expr_bind_variable, bash-4.2\expr.c, 0
expr_streval, bash-4.2\expr.c, 1
expr_unwind, bash-4.2\expr.c, 0
expshift, bash-4.2\expr.c, 0
free_lvalue, bash-4.2\expr.c, 0
init_lvalue, bash-4.2\expr.c, 0
popexp, bash-4.2\expr.c, 0
pushexp, bash-4.2\expr.c, 0
readtok, bash-4.2\expr.c, 1
strlong, bash-4.2\expr.c, 0
subexpr, bash-4.2\expr.c, 0
libintl_dcngettext, bash-4.2\lib\intl\dcngettext.c, 0
dup2, bash-4.2\lib\sh\oslib.c, 0
getdtablesize, bash-4.2\externs.h, 0
getmaxgroups, bash-4.2\lib\sh\oslib.c, 0
substring, bash-4.2\stringlib.c, 0
absolute_pathname, bash-4.2\general.c, 0
all_digits, bash-4.2\general.c, 0
assignment, bash-4.2\general.c, 0
base_pathname, bash-4.2\general.c, 0
bash_special_tilde_expansions, bash-4.2\general.c, 0
bash_tilde_find_word, bash-4.2\general.c, 0
check_binary_file, bash-4.2\general.c, 0
check_dev_tty, bash-4.2\general.c, 0
check_identifier, bash-4.2\general.c, 0
dot_or_dotdot, bash-4.2\general.c, 0
fd_ispipe, bash-4.2\general.c, 0
file_exists, bash-4.2\general.c, 0
file_isdir, bash-4.2\general.c, 0
file_iswdir, bash-4.2\general.c, 0
get_group_array, bash-4.2\general.c, 0
get_group_list, bash-4.2\general.c, 0
initialize_group_array, bash-4.2\general.c, 0
legal_alias_name, bash-4.2\general.c, 0
legal_identifier, bash-4.2\general.c, 0
make_absolute, bash-4.2\general.c, 0
move_to_high_fd, bash-4.2\general.c, 0
polite_directory_format, bash-4.2\general.c, 0
posix_initialize, bash-4.2\general.c, 0
sh_closepipe, bash-4.2\general.c, 0
sh_openpipe, bash-4.2\general.c, 0
sh_validfd, bash-4.2\general.c, 0
tilde_initialize, bash-4.2\general.c, 0
trim_pathname, bash-4.2\general.c, 1
unquoted_tilde_word, bash-4.2\general.c, 0
history_search, bash-4.2\lib\readline\histsearch.c, 0
history_search_internal, bash-4.2\lib\readline\histsearch.c, 0
history_search_pos, bash-4.2\lib\readline\histsearch.c, 0
history_search_prefix, bash-4.2\lib\readline\histsearch.c, 0
libintl_ngettext, bash-4.2\lib\intl\ngettext.c, 0
hello_builtin, bash-4.2\examples\loadables\hello.c, 0
libintl_dcgettext, bash-4.2\lib\intl\dcgettext.c, 0
libintl_gettext, bash-4.2\lib\intl\gettext.c, 0
get_clk_tck, bash-4.2\lib\sh\clktck.c, 0
times, bash-4.2\lib\sh\times.c, 0
ansic_quote, bash-4.2\lib\sh\strtrans.c, 0
ansic_shouldquote, bash-4.2\lib\sh\strtrans.c, 0
ansicstr, bash-4.2\lib\sh\strtrans.c, 0
ansiexpand, bash-4.2\lib\sh\strtrans.c, 0
tilde_expand, bash-4.2\lib\readline\tilde.c, 0
get_tty_state, bash-4.2\jobs.c, 0
initialize_job_signals, bash-4.2\jobs.c, 0
set_tty_state, bash-4.2\jobs.c, 0
sh_get_env_value, bash-4.2\variables.c, 0
tilde_expand_word, bash-4.2\lib\readline\tilde.h, 0
tilde_find_prefix, bash-4.2\lib\readline\tilde.c, 0
add_or_supercede_exported_var, bash-4.2\variables.c, 0
adjust_shell_level, bash-4.2\variables.c, 0
all_exported_variables, bash-4.2\variables.c, 0
all_local_variables, bash-4.2\variables.c, 0
all_shell_functions, bash-4.2\variables.c, 0
all_shell_variables, bash-4.2\variables.c, 0
all_variables_matching_prefix, bash-4.2\variables.c, 0
all_visible_functions, bash-4.2\variables.c, 0
all_visible_variables, bash-4.2\variables.c, 0
assign_in_env, bash-4.2\variables.c, 0
bind_function, bash-4.2\variables.c, 0
bind_variable_value, bash-4.2\variables.c, 0
delete_all_contexts, bash-4.2\variables.c, 0
delete_all_variables, bash-4.2\variables.h, 0
dispose_saved_dollar_vars, bash-4.2\variables.c, 0
dispose_used_env_vars, bash-4.2\variables.c, 0
dispose_var_context, bash-4.2\variables.c, 0
dispose_variable, bash-4.2\variables.c, 0
find_function, bash-4.2\variables.h, 0
find_function_def, bash-4.2\variables.c, 0
find_global_variable, bash-4.2\variables.c, 0
find_tempenv_variable, bash-4.2\variables.c, 0
get_random_number, bash-4.2\variables.c, 0
initialize_shell_variables, bash-4.2\variables.c, 0
kill_all_local_variables, bash-4.2\variables.c, 0
local_exported_variables, bash-4.2\variables.c, 0
make_funcname_visible, bash-4.2\variables.c, 0
make_local_variable, bash-4.2\variables.c, 0
make_variable_value, bash-4.2\variables.c, 0
makunbound, bash-4.2\variables.h, 0
map_over, bash-4.2\variables.c, 0
map_over_funcs, bash-4.2\variables.c, 0
maybe_make_export_env, bash-4.2\variables.h, 0
merge_temporary_env, bash-4.2\variables.c, 0
new_var_context, bash-4.2\variables.h, 0
pop_args, bash-4.2\variables.c, 0
pop_context, bash-4.2\variables.c, 0
pop_dollar_vars, bash-4.2\variables.h, 0
pop_scope, bash-4.2\variables.c, 0
pop_var_context, bash-4.2\variables.c, 0
print_assignment, bash-4.2\variables.h, 0
print_func_list, bash-4.2\variables.c, 0
print_var_function, bash-4.2\variables.h, 0
print_var_list, bash-4.2\variables.c, 0
print_var_value, bash-4.2\variables.h, 0
push_args, bash-4.2\variables.c, 0
push_context, bash-4.2\variables.c, 0
push_dollar_vars, bash-4.2\variables.h, 0
push_scope, bash-4.2\variables.c, 0
push_var_context, bash-4.2\variables.c, 0
put_command_name_into_env, bash-4.2\variables.c, 0
reinit_special_variables, bash-4.2\variables.c, 0
set_if_not, bash-4.2\variables.h, 0
set_pipestatus_from_exit, bash-4.2\variables.c, 0
set_ppid, bash-4.2\variables.h, 0
set_pwd, bash-4.2\variables.h, 0
set_var_read_only, bash-4.2\variables.c, 0
sh_get_home_dir, bash-4.2\variables.c, 0
sort_variables, bash-4.2\variables.c, 0
sv_funcnest, bash-4.2\variables.h, 0
sv_globignore, bash-4.2\variables.h, 0
sv_ifs, bash-4.2\variables.h, 0
sv_ignoreeof, bash-4.2\variables.h, 0
sv_locale, bash-4.2\variables.h, 0
sv_mail, bash-4.2\variables.h, 0
sv_opterr, bash-4.2\variables.h, 0
sv_optind, bash-4.2\variables.h, 0
sv_path, bash-4.2\variables.h, 0
sv_strict_posix, bash-4.2\variables.h, 0
sv_xtracefd, bash-4.2\variables.h, 0
unbind_func, bash-4.2\variables.c, 0
update_export_env_inplace, bash-4.2\variables.c, 0
var_lookup, bash-4.2\variables.c, 0
_rl_any_typein, bash-4.2\lib\readline\input.c, 0
_rl_arg_callback, bash-4.2\lib\readline\misc.c, 0
_rl_arg_init, bash-4.2\lib\readline\misc.c, 0
_rl_backspace, bash-4.2\lib\readline\terminal.c, 0
_rl_block_sigint, bash-4.2\lib\readline\signals.c, 0
_rl_block_sigwinch, bash-4.2\lib\readline\signals.c, 0
_rl_callback_data_dispose, bash-4.2\lib\readline\rlprivate.h, 0
_rl_clean_up_for_exit, bash-4.2\lib\readline\display.c, 0
_rl_clear_screen, bash-4.2\lib\readline\display.c, 0
_rl_clear_to_eol, bash-4.2\lib\readline\rlprivate.h, 0
_rl_control_keypad, bash-4.2\lib\readline\terminal.c, 0
_rl_copy_undo_entry, bash-4.2\lib\readline\undo.c, 0
_rl_copy_undo_list, bash-4.2\lib\readline\undo.c, 0
_rl_current_display_line, bash-4.2\lib\readline\display.c, 0
_rl_disable_tty_signals, bash-4.2\lib\readline\rltty.c, 0
_rl_dispatch_callback, bash-4.2\lib\readline\readline.c, 0
_rl_dispatch_subseq, bash-4.2\lib\readline\rlprivate.h, 0
_rl_enable_meta_key, bash-4.2\lib\readline\terminal.c, 0
_rl_enable_paren_matching, bash-4.2\lib\readline\parens.c, 0
_rl_erase_at_end_of_line, bash-4.2\lib\readline\display.c, 0
_rl_erase_entire_line, bash-4.2\lib\readline\display.c, 0
_rl_find_completion_word, bash-4.2\lib\readline\complete.c, 0
_rl_fix_last_undo_of_type, bash-4.2\lib\readline\undo.c, 0
_rl_fix_point, bash-4.2\lib\readline\text.c, 0
_rl_free_match_list, bash-4.2\lib\readline\complete.c, 0
_rl_get_screen_size, bash-4.2\lib\readline\terminal.c, 0
_rl_init_eightbit, bash-4.2\lib\readline\nls.c, 0
_rl_init_line_state, bash-4.2\lib\readline\readline.c, 0
_rl_init_terminal_io, bash-4.2\lib\readline\rlprivate.h, 0
_rl_input_available, bash-4.2\lib\readline\input.c, 0
_rl_input_queued, bash-4.2\lib\readline\input.c, 0
_rl_insert_typein, bash-4.2\lib\readline\input.c, 0
_rl_internal_char_cleanup, bash-4.2\lib\readline\readline.c, 0
_rl_isearch_callback, bash-4.2\lib\readline\isearch.c, 0
_rl_isearch_dispatch, bash-4.2\lib\readline\isearch.c, 0
_rl_keyseq_chain_dispose, bash-4.2\lib\readline\readline.c, 0
_rl_keyseq_cxt_alloc, bash-4.2\lib\readline\readline.c, 0
_rl_keyseq_cxt_dispose, bash-4.2\lib\readline\readline.c, 0
_rl_make_prompt_for_search, bash-4.2\lib\readline\display.c, 0
_rl_move_cursor_relative, bash-4.2\lib\readline\rlprivate.h, 0
_rl_move_vert, bash-4.2\lib\readline\rlprivate.h, 0
_rl_nsearch_callback, bash-4.2\lib\readline\search.c, 0
_rl_output_character_function, bash-4.2\lib\readline\terminal.c, 0
_rl_output_some_chars, bash-4.2\lib\readline\terminal.c, 0
_rl_overwrite_rubout, bash-4.2\lib\readline\text.c, 0
_rl_pushed_input_available, bash-4.2\lib\readline\input.c, 0
_rl_redisplay_after_sigwinch, bash-4.2\lib\readline\display.c, 0
_rl_release_sigint, bash-4.2\lib\readline\signals.c, 0
_rl_release_sigwinch, bash-4.2\lib\readline\signals.c, 0
_rl_reset_completion_state, bash-4.2\lib\readline\complete.c, 0
_rl_restore_tty_signals, bash-4.2\lib\readline\rltty.c, 0
_rl_revert_all_lines, bash-4.2\lib\readline\misc.c, 0
_rl_rubout_char, bash-4.2\lib\readline\rlprivate.h, 0
_rl_scxt_alloc, bash-4.2\lib\readline\isearch.c, 0
_rl_scxt_dispose, bash-4.2\lib\readline\isearch.c, 0
_rl_search_getchar, bash-4.2\lib\readline\isearch.c, 0
_rl_set_cursor, bash-4.2\lib\readline\terminal.c, 0
_rl_set_insert_mode, bash-4.2\lib\readline\rlprivate.h, 0
_rl_set_mark_at_pos, bash-4.2\lib\readline\text.c, 0
_rl_set_screen_size, bash-4.2\lib\readline\terminal.c, 0
_rl_signal_handler, bash-4.2\lib\readline\signals.c, 0
_rl_start_using_history, bash-4.2\lib\readline\misc.c, 0
_rl_strip_prompt, bash-4.2\lib\readline\display.c, 0
_rl_unget_char, bash-4.2\lib\readline\input.c, 0
_rl_update_final, bash-4.2\lib\readline\display.c, 0
readline_internal_char, bash-4.2\lib\readline\readline.c, 0
readline_internal_setup, bash-4.2\lib\readline\readline.c, 0
readline_internal_teardown, bash-4.2\lib\readline\readline.c, 0
rl_set_retained_kills, bash-4.2\lib\readline\kill.c, 0
zgetline, bash-4.2\lib\sh\zgetline.c, 0
get_charset_aliases, bash-4.2\lib\intl\localcharset.c, 0
falarm, bash-4.2\lib\sh\ufuncs.c, 0
fsleep, bash-4.2\lib\sh\ufuncs.c, 0
get_env_value, bash-4.2\lib\tilde\shell.c, 0
get_home_dir, bash-4.2\lib\tilde\shell.c, 0
rl_add_undo, bash-4.2\lib\readline\undo.c, 0
rl_backward_byte, bash-4.2\lib\readline\readline.h, 0
rl_character_len, bash-4.2\lib\readline\display.c, 0
rl_modifying, bash-4.2\lib\readline\undo.c, 0
_rl_char_search, bash-4.2\lib\readline\text.c, 0
_rl_char_search_callback, bash-4.2\lib\readline\text.c, 0
_rl_insert_next, bash-4.2\lib\readline\text.c, 0
_rl_insert_next_callback, bash-4.2\lib\readline\text.c, 0
rl_arrow_keys, bash-4.2\lib\readline\text.c, 0
rl_backward, bash-4.2\lib\readline\text.c, 0
rl_change_case, bash-4.2\lib\readline\text.c, 0
rl_delete_or_show_completions, bash-4.2\lib\readline\text.c, 0
rl_forward, bash-4.2\lib\readline\text.c, 0
rl_forward_byte, bash-4.2\lib\readline\text.c, 0
rl_refresh_line, bash-4.2\lib\readline\text.c, 0
rl_replace_line, bash-4.2\lib\readline\text.c, 0
rl_rubout_or_delete, bash-4.2\lib\readline\text.c, 0
rl_skip_csi_sequence, bash-4.2\lib\readline\text.c, 0
list_reverse, bash-4.2\list.c, 0
make_bare_word, bash-4.2\make_cmd.c, 0
make_word_list, bash-4.2\make_cmd.c, 0
copy_case_clause, bash-4.2\copy_cmd.c, 0
copy_case_clauses, bash-4.2\copy_cmd.c, 0
copy_case_command, bash-4.2\copy_cmd.c, 0
copy_coproc_command, bash-4.2\copy_cmd.c, 0
copy_for_command, bash-4.2\copy_cmd.c, 0
copy_group_command, bash-4.2\copy_cmd.c, 0
copy_if_command, bash-4.2\copy_cmd.c, 0
copy_simple_command, bash-4.2\copy_cmd.c, 0
copy_subshell_command, bash-4.2\copy_cmd.c, 0
copy_while_command, bash-4.2\copy_cmd.c, 0
print_word_list, bash-4.2\print_cmd.c, 0
necho_builtin, bash-4.2\examples\loadables\necho.c, 0
rl_backward_menu_complete, bash-4.2\lib\readline\readline.h, 0
rl_completion_matches, bash-4.2\lib\readline\readline.h, 0
rl_crlf, bash-4.2\lib\readline\terminal.c, 0
rl_filename_completion_function, bash-4.2\lib\readline\readline.h, 0
_rl_internal_pager, bash-4.2\lib\readline\complete.c, 0
append_to_match, bash-4.2\lib\readline\complete.c, 0
complete_fncmp, bash-4.2\lib\readline\complete.c, 0
complete_get_screenwidth, bash-4.2\lib\readline\complete.c, 0
compute_lcd_of_matches, bash-4.2\lib\readline\complete.c, 0
display_matches, bash-4.2\lib\readline\complete.c, 0
fnprint, bash-4.2\lib\readline\complete.c, 0
fnwidth, bash-4.2\lib\readline\complete.c, 0
gen_completion_matches, bash-4.2\lib\readline\complete.c, 0
get_y_or_n, bash-4.2\lib\readline\complete.c, 0
insert_all_matches, bash-4.2\lib\readline\complete.c, 0
insert_match, bash-4.2\lib\readline\complete.c, 0
make_quoted_replacement, bash-4.2\lib\readline\complete.c, 0
path_isdir, bash-4.2\lib\readline\complete.c, 0
postprocess_matches, bash-4.2\lib\readline\complete.c, 0
print_filename, bash-4.2\lib\readline\complete.c, 0
printable_part, bash-4.2\lib\readline\complete.c, 0
remove_duplicate_matches, bash-4.2\lib\readline\complete.c, 0
rl_completion_mode, bash-4.2\lib\readline\complete.c, 0
rl_display_match_list, bash-4.2\lib\readline\complete.c, 0
rl_menu_complete, bash-4.2\lib\readline\complete.c, 0
rl_old_menu_complete, bash-4.2\lib\readline\complete.c, 0
rl_quote_filename, bash-4.2\lib\readline\complete.c, 0
rl_username_completion_function, bash-4.2\lib\readline\complete.c, 0
set_completion_defaults, bash-4.2\lib\readline\complete.c, 0
stat_char, bash-4.2\lib\readline\complete.c, 0
find_shell_builtin, bash-4.2\builtins\common.c, 0
find_special_builtin, bash-4.2\builtins\common.c, 0
report_error, bash-4.2\error.h, 0
free_pushed_string_input, bash-4.2\y.tab.c, 0
list_append, bash-4.2\list.c, 0
match_pattern_char, bash-4.2\lib\glob\gmisc.c, 0
sh_modcase, bash-4.2\lib\sh\casemod.c, 0
strcreplace, bash-4.2\stringlib.c, 0
strip_trailing, bash-4.2\stringlib.c, 0
strvec_dispose, bash-4.2\lib\sh\stringvec.c, 0
strvec_to_word_list, bash-4.2\lib\sh\stringvec.c, 0
umatchlen, bash-4.2\lib\glob\gmisc.c, 8
xparse_dolparen, bash-4.2\y.tab.c, 0
xtrace_print_assignment, bash-4.2\print_cmd.c, 0
which_set_flags, bash-4.2\flags.c, 0
alloc_word_desc, bash-4.2\make_cmd.c, 0
make_word, bash-4.2\make_cmd.c, 0
quote_string_for_globbing, bash-4.2\pathexp.c, 1
shell_glob_filename, bash-4.2\pathexp.c, 0
unquoted_glob_pattern_p, bash-4.2\pathexp.c, 0
set_sigint_handler, bash-4.2\trap.c, 0
dequote_list, bash-4.2\subst.h, 0
expand_string, bash-4.2\subst.h, 0
expand_string_assignment, bash-4.2\subst.h, 0
expand_string_unsplit, bash-4.2\subst.h, 0
extract_command_subst, bash-4.2\subst.h, 0
remove_quoted_nulls, bash-4.2\subst.h, 0
string_quote_removal, bash-4.2\subst.h, 0
word_list_remove_quoted_nulls, bash-4.2\subst.h, 0
reset_signal_handlers, bash-4.2\trap.c, 0
run_exit_trap, bash-4.2\trap.c, 0
call_expand_word_internal, bash-4.2\subst.c, 0
chk_arithsub, bash-4.2\subst.c, 0
chk_atstar, bash-4.2\subst.c, 0
command_substitute, bash-4.2\subst.c, 0
de_backslash, bash-4.2\subst.c, 0
dequote_escapes, bash-4.2\subst.c, 0
dequote_string, bash-4.2\subst.c, 0
do_assignment, bash-4.2\subst.c, 0
do_assignment_internal, bash-4.2\subst.c, 1
do_assignment_no_expand, bash-4.2\subst.c, 0
do_word_assignment, bash-4.2\subst.c, 0
exp_jump_to_top_level, bash-4.2\subst.c, 0
expand_arith_string, bash-4.2\subst.c, 0
expand_assignment_string_to_string, bash-4.2\subst.c, 0
expand_prompt_string, bash-4.2\subst.c, 0
expand_string_for_rhs, bash-4.2\subst.c, 0
expand_string_if_necessary, bash-4.2\subst.c, 0
expand_string_internal, bash-4.2\subst.c, 0
expand_string_leave_quoted, bash-4.2\subst.c, 0
expand_string_to_string_internal, bash-4.2\subst.c, 0
expand_string_unsplit_to_string, bash-4.2\subst.c, 0
expand_word, bash-4.2\subst.c, 0
expand_word_internal, bash-4.2\subst.c, 3
expand_word_leave_quoted, bash-4.2\subst.c, 0
expand_word_list_internal, bash-4.2\subst.c, 0
expand_word_unsplit, bash-4.2\subst.c, 0
expand_words, bash-4.2\subst.c, 0
expand_words_no_vars, bash-4.2\subst.c, 0
expand_words_shellexp, bash-4.2\subst.c, 0
extract_arithmetic_subst, bash-4.2\subst.c, 0
extract_delimited_string, bash-4.2\subst.c, 0
extract_dollar_brace_string, bash-4.2\subst.c, 1
get_var_and_type, bash-4.2\subst.c, 0
get_word_from_string, bash-4.2\subst.c, 0
getifs, bash-4.2\subst.c, 0
getpatspec, bash-4.2\subst.c, 0
getpattern, bash-4.2\subst.c, 0
glob_expand_word_list, bash-4.2\subst.c, 0
ifs_firstchar, bash-4.2\subst.c, 0
list_quote_escapes, bash-4.2\subst.c, 0
list_remove_pattern, bash-4.2\subst.c, 0
list_rest_of_args, bash-4.2\subst.c, 0
list_string, bash-4.2\subst.c, 0
make_quoted_char, bash-4.2\subst.c, 0
match_pattern, bash-4.2\subst.c, 0
match_upattern, bash-4.2\subst.c, 0
number_of_args, bash-4.2\subst.c, 0
param_expand, bash-4.2\subst.c, 0
parameter_brace_casemod, bash-4.2\subst.c, 0
parameter_brace_expand, bash-4.2\subst.c, 3
parameter_brace_expand_error, bash-4.2\subst.c, 0
parameter_brace_expand_indir, bash-4.2\subst.c, 0
parameter_brace_expand_length, bash-4.2\subst.c, 0
parameter_brace_expand_rhs, bash-4.2\subst.c, 1
parameter_brace_expand_word, bash-4.2\subst.c, 0
parameter_brace_patsub, bash-4.2\subst.c, 0
parameter_brace_remove_pattern, bash-4.2\subst.c, 0
parameter_brace_substring, bash-4.2\subst.c, 0
parameter_list_remove_pattern, bash-4.2\subst.c, 0
pat_subst, bash-4.2\subst.c, 0
pos_params, bash-4.2\subst.c, 0
pos_params_modcase, bash-4.2\subst.c, 0
pos_params_pat_subst, bash-4.2\subst.c, 0
quote_escapes, bash-4.2\subst.c, 0
quote_list, bash-4.2\subst.c, 0
quote_string, bash-4.2\subst.c, 0
quoted_strchr, bash-4.2\subst.c, 0
read_comsub, bash-4.2\subst.c, 0
remove_pattern, bash-4.2\subst.c, 0
remove_quoted_escapes, bash-4.2\subst.c, 0
remove_upattern, bash-4.2\subst.c, 0
separate_out_assignments, bash-4.2\subst.c, 0
setifs, bash-4.2\subst.c, 0
shell_expand_word_list, bash-4.2\subst.c, 0
shouldexp_replacement, bash-4.2\subst.c, 0
skip_double_quoted, bash-4.2\subst.c, 0
skip_matched_pair, bash-4.2\subst.c, 0
skip_single_quoted, bash-4.2\subst.c, 0
skip_to_delim, bash-4.2\subst.c, 0
skiparith, bash-4.2\subst.c, 0
string_extract, bash-4.2\subst.c, 0
string_extract_double_quoted, bash-4.2\subst.c, 0
string_extract_single_quoted, bash-4.2\subst.c, 0
string_extract_verbatim, bash-4.2\subst.c, 0
string_list, bash-4.2\subst.c, 0
string_list_dollar_at, bash-4.2\subst.c, 0
string_list_dollar_star, bash-4.2\subst.c, 0
string_list_internal, bash-4.2\subst.c, 0
string_list_pos_params, bash-4.2\subst.c, 0
string_rest_of_args, bash-4.2\subst.c, 0
strip_trailing_ifs_whitespace, bash-4.2\subst.c, 0
sub_append_string, bash-4.2\subst.c, 0
unquoted_member, bash-4.2\subst.c, 0
unquoted_substring, bash-4.2\subst.c, 0
valid_brace_expansion_word, bash-4.2\subst.c, 0
valid_length_expression, bash-4.2\subst.c, 0
word_list_split, bash-4.2\subst.c, 0
word_split, bash-4.2\subst.c, 0
rl_add_defun, bash-4.2\lib\readline\bind.c, 0
rl_add_funmap_entry, bash-4.2\lib\readline\funmap.c, 0
rl_bind_key, bash-4.2\lib\readline\readline.h, 0
rl_bind_key_if_unbound, bash-4.2\lib\readline\bind.c, 0
rl_bind_key_if_unbound_in_map, bash-4.2\lib\readline\bind.c, 0
rl_bind_key_in_map, bash-4.2\lib\readline\bind.c, 0
rl_bind_keyseq, bash-4.2\lib\readline\bind.c, 0
rl_bind_keyseq_if_unbound, bash-4.2\lib\readline\bind.c, 0
rl_bind_keyseq_if_unbound_in_map, bash-4.2\lib\readline\readline.h, 0
rl_bind_keyseq_in_map, bash-4.2\lib\readline\bind.c, 0
rl_callback_handler_install, bash-4.2\lib\readline\callback.c, 0
rl_callback_handler_remove, bash-4.2\lib\readline\callback.c, 0
rl_callback_read_char, bash-4.2\lib\readline\callback.c, 1
rl_cleanup_after_signal, bash-4.2\lib\readline\readline.h, 0
rl_clear_signals, bash-4.2\lib\readline\signals.c, 0
rl_copy_backward_word, bash-4.2\lib\readline\readline.h, 0
rl_copy_forward_word, bash-4.2\lib\readline\kill.c, 0
rl_copy_region_to_kill, bash-4.2\lib\readline\kill.c, 0
rl_deprep_terminal, bash-4.2\lib\readline\readline.h, 0
rl_discard_argument, bash-4.2\lib\readline\misc.c, 0
rl_dump_functions, bash-4.2\lib\readline\bind.c, 0
rl_dump_macros, bash-4.2\lib\readline\bind.c, 0
rl_dump_variables, bash-4.2\lib\readline\bind.c, 0
rl_echo_signal_char, bash-4.2\lib\readline\readline.h, 0
rl_emacs_editing_mode, bash-4.2\lib\readline\misc.c, 0
rl_execute_next, bash-4.2\lib\readline\input.c, 0
rl_expand_prompt, bash-4.2\lib\readline\display.c, 0
rl_free_line_state, bash-4.2\lib\readline\readline.h, 0
rl_function_dumper, bash-4.2\lib\readline\bind.c, 0
rl_function_of_keyseq, bash-4.2\lib\readline\readline.h, 0
rl_funmap_names, bash-4.2\lib\readline\funmap.c, 0
rl_generic_bind, bash-4.2\lib\readline\readline.h, 0
rl_get_keymap, bash-4.2\lib\readline\bind.c, 0
rl_get_keymap_by_name, bash-4.2\lib\readline\readline.h, 0
rl_get_keymap_name, bash-4.2\lib\readline\bind.c, 0
rl_get_keymap_name_from_edit_mode, bash-4.2\lib\readline\bind.c, 0
rl_get_screen_size, bash-4.2\lib\readline\terminal.c, 0
rl_get_termcap, bash-4.2\lib\readline\terminal.c, 0
rl_getc, bash-4.2\lib\readline\readline.h, 0
rl_history_search_backward, bash-4.2\lib\readline\readline.h, 0
rl_history_search_forward, bash-4.2\lib\readline\search.c, 0
rl_initialize, bash-4.2\lib\readline\readline.h, 0
rl_initialize_funmap, bash-4.2\lib\readline\funmap.c, 0
rl_insert_close, bash-4.2\lib\readline\readline.h, 0
rl_invoking_keyseqs, bash-4.2\lib\readline\bind.c, 0
rl_invoking_keyseqs_in_map, bash-4.2\lib\readline\bind.c, 0
rl_kill_full_line, bash-4.2\lib\readline\kill.c, 0
rl_kill_region, bash-4.2\lib\readline\kill.c, 0
rl_list_funmap_names, bash-4.2\lib\readline\bind.c, 0
rl_macro_bind, bash-4.2\lib\readline\bind.c, 0
rl_macro_dumper, bash-4.2\lib\readline\bind.c, 0
rl_maybe_replace_line, bash-4.2\lib\readline\misc.c, 0
rl_maybe_save_line, bash-4.2\lib\readline\misc.c, 0
rl_maybe_unsave_line, bash-4.2\lib\readline\misc.c, 0
rl_message, bash-4.2\lib\readline\display.c, 0
rl_named_function, bash-4.2\lib\readline\readline.h, 0
rl_on_new_line, bash-4.2\lib\readline\readline.h, 0
rl_on_new_line_with_prompt, bash-4.2\lib\readline\display.c, 0
rl_overwrite_mode, bash-4.2\lib\readline\misc.c, 0
rl_parse_and_bind, bash-4.2\lib\readline\readline.h, 0
rl_prep_terminal, bash-4.2\lib\readline\readline.h, 0
rl_read_init_file, bash-4.2\lib\readline\readline.h, 0
rl_redisplay, bash-4.2\lib\readline\readline.h, 0
rl_reset_after_signal, bash-4.2\lib\readline\readline.h, 0
rl_reset_line_state, bash-4.2\lib\readline\display.c, 0
rl_reset_screen_size, bash-4.2\lib\readline\terminal.c, 0
rl_reset_terminal, bash-4.2\lib\readline\terminal.c, 0
rl_resize_terminal, bash-4.2\lib\readline\terminal.c, 0
rl_restart_output, bash-4.2\lib\readline\rltty.c, 0
rl_restore_prompt, bash-4.2\lib\readline\readline.h, 0
rl_restore_state, bash-4.2\lib\readline\readline.c, 0
rl_save_prompt, bash-4.2\lib\readline\readline.h, 0
rl_save_state, bash-4.2\lib\readline\readline.c, 0
rl_set_key, bash-4.2\lib\readline\bind.c, 0
rl_set_keyboard_input_timeout, bash-4.2\lib\readline\input.c, 0
rl_set_keymap, bash-4.2\lib\readline\readline.h, 0
rl_set_keymap_from_edit_mode, bash-4.2\lib\readline\readline.h, 0
rl_set_paren_blink_timeout, bash-4.2\lib\readline\parens.c, 0
rl_set_prompt, bash-4.2\lib\readline\readline.c, 0
rl_set_screen_size, bash-4.2\lib\readline\terminal.c, 0
rl_set_signals, bash-4.2\lib\readline\signals.c, 0
rl_show_char, bash-4.2\lib\readline\display.c, 0
rl_stop_output, bash-4.2\lib\readline\rltty.c, 0
rl_translate_keyseq, bash-4.2\lib\readline\readline.h, 0
rl_tty_set_default_bindings, bash-4.2\lib\readline\rltty.c, 0
rl_tty_unset_default_bindings, bash-4.2\lib\readline\readline.h, 0
rl_unbind_command_in_map, bash-4.2\lib\readline\bind.c, 0
rl_unbind_function_in_map, bash-4.2\lib\readline\bind.c, 0
rl_unbind_key, bash-4.2\lib\readline\bind.c, 0
rl_unbind_key_in_map, bash-4.2\lib\readline\bind.c, 0
rl_unix_filename_rubout, bash-4.2\lib\readline\kill.c, 0
rl_variable_dumper, bash-4.2\lib\readline\bind.c, 0
rl_variable_value, bash-4.2\lib\readline\bind.c, 0
glob_char_p, bash-4.2\pathexp.c, 0
ignore_glob_matches, bash-4.2\pathexp.h, 0
quote_globbing_chars, bash-4.2\pathexp.c, 0
setup_glob_ignore, bash-4.2\pathexp.c, 0
setup_ignore_patterns, bash-4.2\pathexp.h, 0
should_ignore_glob_matches, bash-4.2\pathexp.h, 0
strchrnul, bash-4.2\lib\sh\strchrnul.c, 0
libintl_dgettext, bash-4.2\lib\intl\dgettext.c, 0
change_prompt, bash-4.2\lib\readline\examples\excallback.c, 0
get_prompt, bash-4.2\lib\readline\examples\excallback.c, 0
process_line, bash-4.2\lib\readline\examples\excallback.c, 0
sh_invalidopt, bash-4.2\builtins\common.c, 0
sh_needarg, bash-4.2\builtins\common.c, 0
sh_neednumarg, bash-4.2\builtins\common.c, 0
strpbrk, bash-4.2\lib\sh\strpbrk.c, 0
alphabetic, bash-4.2\lib\readline\compat.c, 0
completion_matches, bash-4.2\lib\readline\compat.c, 0
crlf, bash-4.2\lib\readline\compat.c, 0
ding, bash-4.2\lib\readline\compat.c, 0
filename_completion_function, bash-4.2\lib\readline\compat.c, 0
free_undo_list, bash-4.2\lib\readline\compat.c, 0
maybe_replace_line, bash-4.2\lib\readline\compat.c, 0
maybe_save_line, bash-4.2\lib\readline\compat.c, 0
maybe_unsave_line, bash-4.2\lib\readline\compat.c, 0
username_completion_function, bash-4.2\lib\readline\compat.c, 0
strprint, bash-4.2\support\recho.c, 0
_nl_free_domain_conv, bash-4.2\lib\intl\loadmsgcat.c, 0
_nl_init_domain_conv, bash-4.2\lib\intl\loadmsgcat.c, 0
INTERNAL_GLOB_PATTERN_P, bash-4.2\lib\glob\glob_loop.c, 0
tty_builtin, bash-4.2\examples\loadables\tty.c, 0
sh_invalidnum, bash-4.2\builtins\common.c, 0
strftime_builtin, bash-4.2\examples\loadables\strftime.c, 0
fpurge, bash-4.2\lib\sh\fpurge.c, 0
read_history_range, bash-4.2\lib\readline\history.h, 0
append_history, bash-4.2\lib\readline\histfile.c, 0
history_do_write, bash-4.2\lib\readline\histfile.c, 0
history_filename, bash-4.2\lib\readline\histfile.c, 0
history_truncate_file, bash-4.2\lib\readline\histfile.c, 0
read_history, bash-4.2\lib\readline\histfile.c, 0
write_history, bash-4.2\lib\readline\histfile.c, 0
fnx_fromfs, bash-4.2\lib\sh\fnxform.c, 0
fnx_tofs, bash-4.2\lib\sh\fnxform.c, 0
get_locale_var, bash-4.2\externs.h, 0
bcopy, bash-4.2\lib\sh\oslib.c, 0
compare_contin, bash-4.2\lib\termcap\termcap.c, 0
find_capability, bash-4.2\lib\termcap\termcap.c, 0
gobble_line, bash-4.2\lib\termcap\termcap.c, 0
memory_error_and_abort, bash-4.2\lib\readline\xmalloc.c, 0
name_match, bash-4.2\lib\termcap\termcap.c, 0
scan_file, bash-4.2\lib\termcap\termcap.c, 0
tgetent, bash-4.2\lib\termcap\termcap.c, 0
tgetflag, bash-4.2\lib\termcap\termcap.c, 0
tgetnum, bash-4.2\lib\termcap\termcap.c, 0
tgetst1, bash-4.2\lib\termcap\termcap.c, 0
tgetstr, bash-4.2\lib\termcap\termcap.c, 0
tputs, bash-4.2\lib\termcap\termcap.c, 0
xmalloc, bash-4.2\lib\readline\xmalloc.c, 0
xrealloc, bash-4.2\lib\readline\xmalloc.c, 0
alloca, bash-4.2\lib\malloc\alloca.c, 0
find_stack_direction, bash-4.2\lib\malloc\alloca.c, 0
bash_malloc_stub, bash-4.2\lib\malloc\stub.c, 0
exit_shell, bash-4.2\externs.h, 0
reader_loop, bash-4.2\eval.c, 0
push_builtin, bash-4.2\examples\loadables\push.c, 0
malloc_set_trace, bash-4.2\lib\malloc\trace.c, 0
malloc_set_tracefn, bash-4.2\lib\malloc\trace.c, 0
malloc_set_tracefp, bash-4.2\lib\malloc\trace.c, 0
malloc_trace_bin, bash-4.2\lib\malloc\trace.c, 0
decode_signal, bash-4.2\trap.c, 0
free_trap_strings, bash-4.2\trap.c, 0
get_all_original_signals, bash-4.2\trap.c, 0
ignore_signal, bash-4.2\trap.c, 0
initialize_traps, bash-4.2\trap.c, 0
maybe_call_trap_handler, bash-4.2\trap.c, 0
restore_default_signal, bash-4.2\trap.c, 0
restore_original_signals, bash-4.2\trap.c, 0
run_debug_trap, bash-4.2\trap.c, 0
run_error_trap, bash-4.2\trap.c, 0
run_interrupt_trap, bash-4.2\trap.h, 0
run_pending_traps, bash-4.2\trap.c, 0
run_return_trap, bash-4.2\trap.c, 0
set_debug_trap, bash-4.2\trap.c, 0
set_error_trap, bash-4.2\trap.c, 0
set_return_trap, bash-4.2\trap.c, 0
set_signal, bash-4.2\trap.h, 0
set_signal_ignored, bash-4.2\trap.c, 0
signal_in_progress, bash-4.2\trap.c, 0
signal_is_hard_ignored, bash-4.2\trap.c, 0
signal_is_ignored, bash-4.2\trap.c, 0
signal_is_special, bash-4.2\trap.c, 0
signal_is_trapped, bash-4.2\trap.c, 0
signal_name, bash-4.2\trap.c, 0
netopen, bash-4.2\lib\sh\netopen.c, 0
find_matching_open, bash-4.2\lib\readline\parens.c, 0
get_history_event, bash-4.2\lib\readline\histexpand.c, 0
history_arg_extract, bash-4.2\lib\readline\history.h, 0
history_expand, bash-4.2\lib\readline\histexpand.c, 0
history_tokenize, bash-4.2\lib\readline\history.h, 0
do_redirections, bash-4.2\redir.c, 0
stdin_redirects, bash-4.2\redir.c, 0
clear_unwind_protect_list, bash-4.2\unwind_prot.c, 0
remove_unwind_protect, bash-4.2\unwind_prot.c, 0
run_unwind_protects, bash-4.2\unwind_prot.c, 0
internal_warning, bash-4.2\error.c, 0
process_exit_status, bash-4.2\jobs.c, 0
decode_prompt_string, bash-4.2\externs.h, 0
make_command_string, bash-4.2\externs.h, 0
print_simple_command, bash-4.2\externs.h, 0
sh_contains_shell_metas, bash-4.2\lib\sh\shquote.c, 0
sh_set_lines_and_columns, bash-4.2\variables.c, 0
change_flag, bash-4.2\flags.c, 0
_print_word_list, bash-4.2\print_cmd.c, 0
command_print_word_list, bash-4.2\print_cmd.c, 0
cprintf, bash-4.2\print_cmd.c, 0
indent, bash-4.2\print_cmd.c, 0
indirection_level_string, bash-4.2\print_cmd.c, 0
make_command_string_internal, bash-4.2\print_cmd.c, 1
named_function_string, bash-4.2\print_cmd.c, 0
newline, bash-4.2\print_cmd.c, 0
print_case_clauses, bash-4.2\print_cmd.c, 0
print_case_command, bash-4.2\print_cmd.c, 0
print_case_command_head, bash-4.2\print_cmd.c, 0
print_command, bash-4.2\print_cmd.c, 0
print_deferred_heredocs, bash-4.2\print_cmd.c, 0
print_for_command, bash-4.2\print_cmd.c, 0
print_for_command_head, bash-4.2\print_cmd.c, 0
print_function_def, bash-4.2\print_cmd.c, 0
print_group_command, bash-4.2\print_cmd.c, 1
print_heredoc_body, bash-4.2\print_cmd.c, 0
print_heredoc_header, bash-4.2\print_cmd.c, 0
print_heredocs, bash-4.2\print_cmd.c, 0
print_if_command, bash-4.2\print_cmd.c, 0
print_redirection, bash-4.2\print_cmd.c, 0
print_redirection_list, bash-4.2\print_cmd.c, 0
print_until_command, bash-4.2\print_cmd.c, 0
print_until_or_while, bash-4.2\print_cmd.c, 0
print_while_command, bash-4.2\print_cmd.c, 0
reset_locals, bash-4.2\print_cmd.c, 0
semicolon, bash-4.2\print_cmd.c, 0
the_printed_command_resize, bash-4.2\print_cmd.c, 0
xprintf, bash-4.2\print_cmd.c, 0
xtrace_fdchk, bash-4.2\print_cmd.c, 0
xtrace_init, bash-4.2\print_cmd.c, 0
xtrace_print_case_command_head, bash-4.2\print_cmd.c, 0
xtrace_print_for_command_head, bash-4.2\print_cmd.c, 0
xtrace_print_word_list, bash-4.2\print_cmd.c, 0
xtrace_reset, bash-4.2\print_cmd.c, 0
xtrace_set, bash-4.2\print_cmd.c, 0
_nl_make_l10nflist, bash-4.2\lib\intl\l10nflist.c, 0
_nl_normalize_codeset, bash-4.2\lib\intl\l10nflist.c, 0
argz_count__, bash-4.2\lib\intl\l10nflist.c, 0
argz_next__, bash-4.2\lib\intl\l10nflist.c, 0
argz_stringify__, bash-4.2\lib\intl\l10nflist.c, 0
pop, bash-4.2\lib\intl\l10nflist.c, 0
stop_pipeline, bash-4.2\nojobs.c, 0
libintl_textdomain, bash-4.2\lib\intl\textdomain.c, 0
_rl_free_history_entry, bash-4.2\lib\readline\misc.c, 0
_rl_subseq_getchar, bash-4.2\lib\readline\readline.c, 0
_rl_subseq_result, bash-4.2\lib\readline\readline.c, 0
bind_arrow_keys, bash-4.2\lib\readline\readline.c, 0
bind_arrow_keys_internal, bash-4.2\lib\readline\readline.c, 0
readline_default_bindings, bash-4.2\lib\readline\readline.c, 0
readline_initialize_everything, bash-4.2\lib\readline\readline.c, 0
readline_internal, bash-4.2\lib\readline\readline.c, 0
readline_internal_charloop, bash-4.2\lib\readline\readline.c, 0
reset_default_bindings, bash-4.2\lib\readline\readline.c, 0
_rl_arg_dispatch, bash-4.2\lib\readline\misc.c, 0
_rl_history_set_point, bash-4.2\lib\readline\misc.c, 0
rl_digit_loop, bash-4.2\lib\readline\misc.c, 0
rl_replace_from_history, bash-4.2\lib\readline\misc.c, 0
strtol, bash-4.2\lib\sh\strtol.c, 0
memory_error_and_abort, bash-4.2\lib\malloc\xmalloc.c, 0
tgoto, bash-4.2\lib\termcap\tparam.c, 0
tparam, bash-4.2\lib\termcap\tparam.c, 0
tparam1, bash-4.2\lib\termcap\tparam.c, 0
xmalloc, bash-4.2\lib\malloc\xmalloc.c, 0
xrealloc, bash-4.2\lib\malloc\xmalloc.c, 0
zmapfd, bash-4.2\lib\sh\zmapfd.c, 0
zread, bash-4.2\lib\sh\zread.c, 0
alloc_undo_entry, bash-4.2\lib\readline\undo.c, 0
_nl_explode_name, bash-4.2\lib\intl\explodename.c, 0
_nl_find_language, bash-4.2\lib\intl\explodename.c, 0
dir_ok, bash-4.2\examples\loadables\pathchk.c, 0
pathchk_builtin, bash-4.2\examples\loadables\pathchk.c, 0
portable_chars_only, bash-4.2\examples\loadables\pathchk.c, 0
safe_stat, bash-4.2\examples\loadables\pathchk.c, 0
validate_path, bash-4.2\examples\loadables\pathchk.c, 0
xstrdup, bash-4.2\examples\loadables\pathchk.c, 0
_path_isdir, bash-4.2\lib\sh\pathcanon.c, 0
sh_canonpath, bash-4.2\lib\sh\pathcanon.c, 0
bzero, bash-4.2\lib\sh\oslib.c, 0
gethostname, bash-4.2\lib\sh\oslib.c, 0
getmaxchild, bash-4.2\lib\sh\oslib.c, 0
copy_bucket_array, bash-4.2\hashlib.c, 0
hash_bucket, bash-4.2\hashlib.c, 0
hash_copy, bash-4.2\hashlib.c, 0
hash_create, bash-4.2\hashlib.c, 0
hash_dispose, bash-4.2\hashlib.c, 0
hash_flush, bash-4.2\hashlib.c, 0
hash_insert, bash-4.2\hashlib.c, 0
hash_remove, bash-4.2\hashlib.c, 0
hash_search, bash-4.2\hashlib.c, 0
hash_size, bash-4.2\hashlib.c, 0
hash_string, bash-4.2\hashlib.c, 0
hash_walk, bash-4.2\hashlib.c, 0
addblanks, bash-4.2\mksyntax.c, 0
addcchar, bash-4.2\mksyntax.c, 0
addcstr, bash-4.2\mksyntax.c, 0
cdesc, bash-4.2\mksyntax.c, 0
dump_lflags, bash-4.2\mksyntax.c, 0
dump_lsyntax, bash-4.2\mksyntax.c, 0
getcstr, bash-4.2\mksyntax.c, 0
load_lsyntax, bash-4.2\mksyntax.c, 0
memory_error_and_abort, bash-4.2\builtins\mkbuiltins.c, 0
wcomment, bash-4.2\mksyntax.c, 0
_rl_isearch_cleanup, bash-4.2\lib\readline\isearch.c, 0
_rl_isearch_fini, bash-4.2\lib\readline\isearch.c, 0
_rl_isearch_init, bash-4.2\lib\readline\isearch.c, 0
rl_display_search, bash-4.2\lib\readline\isearch.c, 0
rl_search_history, bash-4.2\lib\readline\isearch.c, 0
_nl_expand_alias, bash-4.2\lib\intl\localealias.c, 0
alias_compare, bash-4.2\lib\intl\localealias.c, 0
extend_alias_table, bash-4.2\lib\intl\localealias.c, 0
read_alias_file, bash-4.2\lib\intl\localealias.c, 0
initialize_shell_builtins, bash-4.2\builtins\common.c, 0
maybe_execute_file, bash-4.2\builtins\evalfile.c, 0
remember_args, bash-4.2\builtins\common.c, 0
disable_priv_mode, bash-4.2\externs.h, 0
isnetconn, bash-4.2\lib\sh\netconn.c, 0
set_default_lang, bash-4.2\locale.c, 0
set_default_locale, bash-4.2\locale.c, 0
set_default_locale_vars, bash-4.2\locale.c, 0
sh_exit, bash-4.2\externs.h, 0
sh_setlinebuf, bash-4.2\lib\sh\setlinebuf.c, 0
initialize_flags, bash-4.2\flags.c, 0
initialize_bash_input, bash-4.2\y.tab.c, 0
with_input_from_stdin, bash-4.2\y.tab.c, 0
with_input_from_stream, bash-4.2\input.h, 0
cmd_init, bash-4.2\make_cmd.c, 0
initialize_signals, bash-4.2\sig.c, 0
add_shopt_to_alist, bash-4.2\shell.c, 0
bind_args, bash-4.2\shell.c, 0
execute_env_file, bash-4.2\shell.c, 0
init_interactive, bash-4.2\shell.c, 0
init_interactive_script, bash-4.2\shell.c, 0
init_noninteractive, bash-4.2\shell.c, 0
open_shell_script, bash-4.2\shell.c, 0
parse_long_options, bash-4.2\shell.c, 0
parse_shell_options, bash-4.2\shell.c, 0
run_shopt_alist, bash-4.2\shell.c, 0
run_startup_files, bash-4.2\shell.c, 0
set_bash_input, bash-4.2\shell.c, 0
set_shell_name, bash-4.2\shell.c, 0
shell_initialize, bash-4.2\shell.c, 0
shell_reinitialize, bash-4.2\shell.c, 0
show_shell_usage, bash-4.2\shell.c, 0
start_debugger, bash-4.2\shell.c, 0
uidget, bash-4.2\shell.c, 0
unbind_args, bash-4.2\shell.c, 0
unset_bash_input, bash-4.2\shell.c, 0
dirspell, bash-4.2\lib\sh\spell.c, 0
dprintf, bash-4.2\lib\sh\dprintf.c, 0
find_index_in_alist, bash-4.2\stringlib.c, 0
find_string_in_alist, bash-4.2\stringlib.c, 0
find_token_in_alist, bash-4.2\stringlib.c, 0
fmtulong, bash-4.2\lib\sh\fmtulong.c, 0
get_new_window_size, bash-4.2\lib\sh\winsize.c, 0
getcwd, bash-4.2\lib\sh\getcwd.c, 0
input_avail, bash-4.2\lib\sh\input_avail.c, 0
list_length, bash-4.2\list.c, 0
localeexpand, bash-4.2\locale.c, 0
localetrans, bash-4.2\locale.c, 0
mk_msgstr, bash-4.2\locale.c, 0
parse_string_to_word_list, bash-4.2\y.tab.c, 0
read_command, bash-4.2\externs.h, 0
return_EOF, bash-4.2\y.tab.c, 0
set_lang, bash-4.2\locale.c, 0
set_locale_var, bash-4.2\locale.c, 0
sh_backslash_quote, bash-4.2\lib\sh\shquote.c, 0
sh_double_quote, bash-4.2\lib\sh\shquote.c, 0
sh_eaccess, bash-4.2\lib\sh\eaccess.c, 0
sh_mkdoublequoted, bash-4.2\lib\sh\shquote.c, 0
sh_mktmpfd, bash-4.2\lib\sh\tmpfile.c, 0
sh_mktmpname, bash-4.2\lib\sh\tmpfile.c, 0
sh_physpath, bash-4.2\lib\sh\pathphys.c, 0
sh_un_double_quote, bash-4.2\lib\sh\shquote.c, 0
spname, bash-4.2\lib\sh\spell.c, 0
strcasecmp, bash-4.2\lib\sh\strcasecmp.c, 0
strcasestr, bash-4.2\lib\sh\strcasestr.c, 0
strlist_append, bash-4.2\lib\sh\stringlist.c, 0
strlist_copy, bash-4.2\lib\sh\stringlist.c, 0
strlist_create, bash-4.2\lib\sh\stringlist.c, 0
strlist_dispose, bash-4.2\lib\sh\stringlist.c, 0
strlist_flush, bash-4.2\lib\sh\stringlist.c, 0
strlist_merge, bash-4.2\lib\sh\stringlist.c, 0
strlist_prefix_suffix, bash-4.2\lib\sh\stringlist.c, 0
strlist_print, bash-4.2\lib\sh\stringlist.c, 0
strlist_remove, bash-4.2\lib\sh\stringlist.c, 0
strlist_resize, bash-4.2\lib\sh\stringlist.c, 0
strlist_sort, bash-4.2\lib\sh\stringlist.c, 0
strlist_walk, bash-4.2\lib\sh\stringlist.c, 0
strncasecmp, bash-4.2\lib\sh\strcasecmp.c, 0
strnlen, bash-4.2\lib\sh\strnlen.c, 0
strsub, bash-4.2\stringlib.c, 0
strvec_copy, bash-4.2\lib\sh\stringvec.c, 0
strvec_flush, bash-4.2\lib\sh\stringvec.c, 0
strvec_from_word_list, bash-4.2\lib\sh\stringvec.c, 0
strvec_len, bash-4.2\lib\sh\stringvec.c, 0
strvec_remove, bash-4.2\lib\sh\stringvec.c, 0
strvec_sort, bash-4.2\lib\sh\stringvec.c, 0
strvec_strcmp, bash-4.2\lib\sh\stringvec.c, 0
uconvert, bash-4.2\lib\sh\uconvert.c, 0
xbcopy, bash-4.2\stringlib.c, 0
yyparse, bash-4.2\y.tab.c, 0
zreadc, bash-4.2\lib\sh\zread.c, 0
zreadcintr, bash-4.2\lib\sh\zread.c, 0
zreadintr, bash-4.2\lib\sh\zread.c, 0
zreadretry, bash-4.2\lib\sh\zread.c, 0
zreset, bash-4.2\lib\sh\zread.c, 0
zsyncfd, bash-4.2\lib\sh\zread.c, 1
zwrite, bash-4.2\lib\sh\zwrite.c, 0
cr, bash-4.2\lib\readline\display.c, 0
delete_chars, bash-4.2\lib\readline\display.c, 0
expand_prompt, bash-4.2\lib\readline\display.c, 0
init_line_structures, bash-4.2\lib\readline\display.c, 0
insert_some_chars, bash-4.2\lib\readline\display.c, 0
redraw_prompt, bash-4.2\lib\readline\display.c, 0
space_to_eol, bash-4.2\lib\readline\display.c, 0
update_line, bash-4.2\lib\readline\display.c, 0
default_tty_job_signals, bash-4.2\jobs.h, 0
add_unwind_protect_internal, bash-4.2\unwind_prot.c, 0
clear_unwind_protects_internal, bash-4.2\unwind_prot.c, 0
remove_unwind_protect_internal, bash-4.2\unwind_prot.c, 0
restore_variable, bash-4.2\unwind_prot.c, 0
run_unwind_protects_internal, bash-4.2\unwind_prot.c, 0
unwind_frame_discard_internal, bash-4.2\unwind_prot.c, 0
unwind_frame_run_internal, bash-4.2\unwind_prot.c, 0
unwind_protect_mem_internal, bash-4.2\unwind_prot.c, 0
without_interrupts, bash-4.2\unwind_prot.c, 0
get_working_directory, bash-4.2\builtins\common.c, 0
execute_variable_command, bash-4.2\y.tab.c, 0
gather_here_documents, bash-4.2\input.h, 0
alrm_catcher, bash-4.2\eval.c, 0
send_pwd_to_eterm, bash-4.2\eval.c, 0
get_sys_tmpdir, bash-4.2\lib\sh\tmpfile.c, 0
get_tmpdir, bash-4.2\lib\sh\tmpfile.c, 0
sh_mktmpfp, bash-4.2\lib\sh\tmpfile.c, 0
sigpipe, bash-4.2\builtins\psize.c, 0
_rl_get_keyname, bash-4.2\lib\readline\bind.c, 0
_rl_get_string_variable_value, bash-4.2\lib\readline\bind.c, 0
_rl_init_file_error, bash-4.2\lib\readline\bind.c, 0
_rl_macro_dumper_internal, bash-4.2\lib\readline\bind.c, 0
_rl_read_file, bash-4.2\lib\readline\bind.c, 0
_rl_read_init_file, bash-4.2\lib\readline\bind.c, 0
_rl_untranslate_macro_value, bash-4.2\lib\readline\bind.c, 0
bool_to_int, bash-4.2\lib\readline\bind.c, 0
find_boolean_var, bash-4.2\lib\readline\bind.c, 0
find_string_var, bash-4.2\lib\readline\bind.c, 0
glean_key_from_name, bash-4.2\lib\readline\bind.c, 0
hack_special_boolean_var, bash-4.2\lib\readline\bind.c, 0
handle_parser_directive, bash-4.2\lib\readline\bind.c, 0
parser_else, bash-4.2\lib\readline\bind.c, 0
parser_endif, bash-4.2\lib\readline\bind.c, 0
parser_if, bash-4.2\lib\readline\bind.c, 0
parser_include, bash-4.2\lib\readline\bind.c, 0
substring_member_of_array, bash-4.2\lib\readline\bind.c, 0
sv_bell_style, bash-4.2\lib\readline\bind.c, 0
sv_combegin, bash-4.2\lib\readline\bind.c, 0
sv_compquery, bash-4.2\lib\readline\bind.c, 0
sv_compwidth, bash-4.2\lib\readline\bind.c, 0
sv_dispprefix, bash-4.2\lib\readline\bind.c, 0
sv_editmode, bash-4.2\lib\readline\bind.c, 0
sv_histsize, bash-4.2\lib\readline\bind.c, 0
sv_isrchterm, bash-4.2\lib\readline\bind.c, 0
sv_keymap, bash-4.2\lib\readline\bind.c, 0
make_redirection, bash-4.2\make_cmd.c, 0
add_exec_redirect, bash-4.2\redir.c, 0
add_undo_close_redirect, bash-4.2\redir.c, 0
add_undo_redirect, bash-4.2\redir.c, 0
do_redirection_internal, bash-4.2\redir.c, 2
expandable_redirection_filename, bash-4.2\redir.c, 0
here_document_to_fd, bash-4.2\redir.c, 0
noclobber_open, bash-4.2\redir.c, 0
redir_open, bash-4.2\redir.c, 0
redir_special_open, bash-4.2\redir.c, 0
redir_varassign, bash-4.2\redir.c, 0
redir_varvalue, bash-4.2\redir.c, 0
stdin_redirection, bash-4.2\redir.c, 0
undoablefd, bash-4.2\redir.c, 0
write_here_document, bash-4.2\redir.c, 0
write_here_string, bash-4.2\redir.c, 0
free_plural_expression, bash-4.2\lib\intl\plural-exp.h, 0
__gettexterror, bash-4.2\lib\intl\plural.c, 0
__gettextlex, bash-4.2\lib\intl\plural.c, 0
new_exp, bash-4.2\lib\intl\plural.c, 0
new_exp_0, bash-4.2\lib\intl\plural.c, 0
new_exp_1, bash-4.2\lib\intl\plural.c, 0
new_exp_2, bash-4.2\lib\intl\plural.c, 0
new_exp_3, bash-4.2\lib\intl\plural.c, 0
xrealloc, bash-4.2\builtins\mkbuiltins.c, 0
_nl_getenv, bash-4.2\lib\intl\os2compat.c, 0
nlos2_initialize, bash-4.2\lib\intl\os2compat.c, 0
phash_create, bash-4.2\hashcmd.c, 0
phash_flush, bash-4.2\hashcmd.c, 0
phash_freedata, bash-4.2\hashcmd.c, 0
print_escaped, bash-4.2\lib\intl\log.c, 0
stpcpy, bash-4.2\lib\intl\dcigettext.c, 0
and, bash-4.2\test.c, 0
arithcomp, bash-4.2\test.c, 0
beyond, bash-4.2\test.c, 0
binary_operator, bash-4.2\test.c, 0
expr, bash-4.2\test.c, 0
filecomp, bash-4.2\test.c, 0
integer_expected_error, bash-4.2\test.c, 0
or, bash-4.2\test.c, 0
patcomp, bash-4.2\test.c, 0
posixtest, bash-4.2\test.c, 0
sh_stat, bash-4.2\lib\sh\eaccess.c, 2
term, bash-4.2\test.c, 0
test_syntax_error, bash-4.2\test.c, 0
three_arguments, bash-4.2\test.c, 0
two_arguments, bash-4.2\test.c, 0
unary_operator, bash-4.2\test.c, 0
sh_set_lines_and_columns, bash-4.2\lib\readline\shell.c, 0
sh_single_quote, bash-4.2\lib\sh\shquote.c, 0
allocerr, bash-4.2\xmalloc.c, 0
get_sysdep_segment_value, bash-4.2\lib\intl\loadmsgcat.c, 0
find_flag, bash-4.2\flags.c, 0
reset_shell_flags, bash-4.2\flags.c, 0
set_sigwinch_handler, bash-4.2\sig.h, 0
initialize_shell_signals, bash-4.2\sig.c, 0
initialize_terminating_signals, bash-4.2\sig.c, 0
reset_terminating_signals, bash-4.2\sig.c, 0
sigint_sighandler, bash-4.2\sig.c, 0
termsig_sighandler, bash-4.2\sig.c, 1
unset_sigwinch_handler, bash-4.2\sig.c, 0
rmdir_builtin, bash-4.2\examples\loadables\rmdir.c, 0
set_dollar_vars_unchanged, bash-4.2\builtins\common.c, 0
set_working_directory, bash-4.2\builtins\common.c, 0
sh_readonly, bash-4.2\builtins\common.c, 0
err_readonly, bash-4.2\error.c, 0
add_temp_array_to_env, bash-4.2\variables.c, 0
assign_lineno, bash-4.2\variables.c, 0
assign_random, bash-4.2\variables.c, 0
assign_seconds, bash-4.2\variables.c, 0
assign_subshell, bash-4.2\variables.c, 0
bind_tempenv_variable, bash-4.2\variables.c, 0
bind_variable_internal, bash-4.2\variables.c, 0
brand, bash-4.2\variables.c, 0
create_variable_tables, bash-4.2\variables.c, 0
dispose_temporary_env, bash-4.2\variables.c, 0
dispose_variable_value, bash-4.2\variables.c, 0
export_environment_candidate, bash-4.2\variables.c, 0
fapply, bash-4.2\variables.c, 0
find_special_var, bash-4.2\variables.c, 0
flatten, bash-4.2\variables.c, 0
free_variable_hash_data, bash-4.2\variables.c, 0
get_bash_command, bash-4.2\variables.c, 0
get_bash_name, bash-4.2\variables.c, 0
get_bashpid, bash-4.2\variables.c, 0
get_funcname, bash-4.2\variables.c, 0
get_lineno, bash-4.2\variables.c, 0
get_random, bash-4.2\variables.c, 0
get_seconds, bash-4.2\variables.c, 0
get_self, bash-4.2\variables.c, 0
get_subshell, bash-4.2\variables.c, 0
hash_lookup, bash-4.2\variables.c, 0
init_funcname_var, bash-4.2\variables.c, 0
init_seconds_var, bash-4.2\variables.c, 0
initialize_dynamic_variables, bash-4.2\variables.c, 0
initialize_shell_level, bash-4.2\variables.c, 0
local_and_exported, bash-4.2\variables.c, 0
make_env_array_from_var_list, bash-4.2\variables.c, 0
make_func_export_array, bash-4.2\variables.c, 0
make_new_variable, bash-4.2\variables.c, 0
make_var_export_array, bash-4.2\variables.c, 0
mk_env_string, bash-4.2\variables.c, 0
n_shell_variables, bash-4.2\variables.c, 0
new_shell_variable, bash-4.2\variables.c, 0
null_assign, bash-4.2\variables.c, 0
propagate_temp_var, bash-4.2\variables.c, 0
push_exported_var, bash-4.2\variables.c, 0
push_func_var, bash-4.2\variables.c, 0
push_temp_var, bash-4.2\variables.c, 0
qsort_var_comp, bash-4.2\variables.c, 0
sbrand, bash-4.2\variables.c, 0
seedrand, bash-4.2\variables.c, 0
set_context, bash-4.2\variables.c, 0
set_home_var, bash-4.2\variables.c, 0
set_machine_vars, bash-4.2\variables.c, 0
set_shell_var, bash-4.2\variables.c, 0
set_tty_state, bash-4.2\nojobs.c, 0
sh_get_env_value, bash-4.2\lib\readline\shell.c, 0
sh_get_home_dir, bash-4.2\lib\readline\shell.c, 0
sv_compare, bash-4.2\variables.c, 0
uidset, bash-4.2\variables.c, 0
vapply, bash-4.2\variables.c, 0
variable_in_context, bash-4.2\variables.c, 0
visible_and_exported, bash-4.2\variables.c, 0
visible_var, bash-4.2\variables.c, 0
vlist_add, bash-4.2\variables.c, 0
vlist_alloc, bash-4.2\variables.c, 0
vlist_realloc, bash-4.2\variables.c, 0
builtin_address_internal, bash-4.2\builtins\common.c, 0
parser_error, bash-4.2\error.c, 0
clean_simple_command, bash-4.2\make_cmd.c, 0
command_connect, bash-4.2\make_cmd.c, 0
connect_async_list, bash-4.2\make_cmd.c, 0
make_arith_command, bash-4.2\make_cmd.c, 0
make_arith_for_command, bash-4.2\make_cmd.c, 0
make_case_command, bash-4.2\make_cmd.c, 0
make_coproc_command, bash-4.2\make_cmd.c, 0
make_for_command, bash-4.2\make_cmd.c, 0
make_function_def, bash-4.2\make_cmd.c, 0
make_group_command, bash-4.2\make_cmd.c, 0
make_here_document, bash-4.2\make_cmd.c, 0
make_if_command, bash-4.2\make_cmd.c, 0
make_pattern_list, bash-4.2\make_cmd.c, 0
make_select_command, bash-4.2\make_cmd.c, 0
make_simple_command, bash-4.2\make_cmd.c, 0
make_subshell_command, bash-4.2\make_cmd.c, 0
make_until_command, bash-4.2\make_cmd.c, 0
make_while_command, bash-4.2\make_cmd.c, 0
cleanup_dead_jobs, bash-4.2\nojobs.c, 0
discard_parser_constructs, bash-4.2\y.tab.c, 0
discard_until, bash-4.2\y.tab.c, 0
error_token_from_text, bash-4.2\y.tab.c, 0
error_token_from_token, bash-4.2\y.tab.c, 0
find_reserved_word, bash-4.2\y.tab.c, 0
handle_eof_input_unit, bash-4.2\y.tab.c, 0
init_yy_io, bash-4.2\y.tab.c, 0
parse_compound_assignment, bash-4.2\y.tab.c, 0
parse_comsub, bash-4.2\y.tab.c, 0
parse_matched_pair, bash-4.2\y.tab.c, 0
print_offending_line, bash-4.2\y.tab.c, 0
print_prompt, bash-4.2\y.tab.c, 0
prompt_again, bash-4.2\y.tab.c, 0
read_a_line, bash-4.2\y.tab.c, 0
read_secondary_line, bash-4.2\y.tab.c, 0
read_token, bash-4.2\y.tab.c, 0
read_token_word, bash-4.2\y.tab.c, 0
report_syntax_error, bash-4.2\y.tab.c, 0
reserved_word_acceptable, bash-4.2\y.tab.c, 0
restore_token_state, bash-4.2\y.tab.c, 0
rewind_input_string, bash-4.2\y.tab.c, 0
save_token_state, bash-4.2\y.tab.c, 0
shell_getc, bash-4.2\y.tab.c, 0
shell_ungetc, bash-4.2\y.tab.c, 0
special_case_tokens, bash-4.2\y.tab.c, 0
stream_on_stack, bash-4.2\y.tab.c, 0
time_command_acceptable, bash-4.2\y.tab.c, 0
yy_getc, bash-4.2\y.tab.c, 0
yy_input_name, bash-4.2\y.tab.c, 0
yy_stream_get, bash-4.2\y.tab.c, 0
yy_stream_unget, bash-4.2\y.tab.c, 0
yy_string_get, bash-4.2\y.tab.c, 0
yy_string_unget, bash-4.2\y.tab.c, 0
yy_ungetc, bash-4.2\y.tab.c, 0
xrealloc, bash-4.2\lib\termcap\tparam.c, 0
yyerror, bash-4.2\y.tab.c, 0
yylex, bash-4.2\y.tab.c, 0
logname_builtin, bash-4.2\examples\loadables\logname.c, 0
savestring, bash-4.2\lib\readline\savestring.c, 0
invert_case_line, bash-4.2\lib\readline\examples\manexamp.c, 0
rl_gets, bash-4.2\lib\readline\examples\manexamp.c, 0
sync_builtin, bash-4.2\examples\loadables\sync.c, 0
malloc_set_register, bash-4.2\lib\malloc\table.c, 0
wait_sigint_handler, bash-4.2\nojobs.c, 0
get_name_for_error, bash-4.2\error.h, 0
command_errstr, bash-4.2\error.c, 0
error_prolog, bash-4.2\error.c, 0
default_tty_job_signals, bash-4.2\jobs.h, 0
process_exit_status, bash-4.2\nojobs.c, 0
_rl_handle_signal, bash-4.2\lib\readline\signals.c, 0
rl_maybe_set_sighandler, bash-4.2\lib\readline\signals.c, 0
rl_set_sighandler, bash-4.2\lib\readline\signals.c, 0
rl_sigaction, bash-4.2\lib\readline\signals.c, 0
rl_signal_handler, bash-4.2\lib\readline\signals.c, 0
_rl_get_locale_var, bash-4.2\lib\readline\nls.c, 0
find_codeset, bash-4.2\lib\readline\nls.c, 0
normalize_codeset, bash-4.2\lib\readline\nls.c, 0
perl_main, bash-4.2\examples\loadables\perl\iperl.c, 0
com_cd, bash-4.2\lib\readline\examples\fileman.c, 0
com_delete, bash-4.2\lib\readline\examples\fileman.c, 0
com_help, bash-4.2\lib\readline\examples\fileman.c, 0
com_list, bash-4.2\lib\readline\examples\fileman.c, 0
com_pwd, bash-4.2\lib\readline\examples\fileman.c, 0
com_quit, bash-4.2\lib\readline\examples\fileman.c, 0
com_rename, bash-4.2\lib\readline\examples\fileman.c, 0
com_stat, bash-4.2\lib\readline\examples\fileman.c, 0
com_view, bash-4.2\lib\readline\examples\fileman.c, 0
command_generator, bash-4.2\lib\readline\examples\fileman.c, 0
dupstr, bash-4.2\lib\readline\examples\fileman.c, 0
execute_line, bash-4.2\lib\readline\examples\fileman.c, 0
fileman_completion, bash-4.2\lib\readline\examples\fileman.c, 0
find_command, bash-4.2\lib\readline\examples\fileman.c, 0
initialize_readline, bash-4.2\lib\readline\examples\fileman.c, 0
stripwhite, bash-4.2\lib\readline\examples\fileman.c, 0
too_dangerous, bash-4.2\lib\readline\examples\fileman.c, 0
valid_argument, bash-4.2\lib\readline\examples\fileman.c, 0
print_builtin, bash-4.2\examples\loadables\print.c, 0
printargs, bash-4.2\examples\loadables\print.c, 0
freewords, bash-4.2\lib\readline\histexpand.c, 0
get_history_word_specifier, bash-4.2\lib\readline\histexpand.c, 0
get_subst_pattern, bash-4.2\lib\readline\histexpand.c, 0
hist_error, bash-4.2\lib\readline\histexpand.c, 0
hist_string_extract_single_quoted, bash-4.2\lib\readline\histexpand.c, 0
history_expand_internal, bash-4.2\lib\readline\histexpand.c, 0
history_find_word, bash-4.2\lib\readline\histexpand.c, 0
history_substring, bash-4.2\lib\readline\histexpand.c, 0
history_tokenize_internal, bash-4.2\lib\readline\histexpand.c, 0
history_tokenize_word, bash-4.2\lib\readline\histexpand.c, 0
postproc_subst_rhs, bash-4.2\lib\readline\histexpand.c, 0
quote_breaks, bash-4.2\lib\readline\histexpand.c, 0
ttgetattr, bash-4.2\lib\sh\shtty.c, 0
ttsetattr, bash-4.2\lib\sh\shtty.c, 0
alloc_pid_list, bash-4.2\nojobs.c, 0
find_proc_slot, bash-4.2\nojobs.c, 0
get_termsig, bash-4.2\nojobs.c, 0
isolate_tilde_prefix, bash-4.2\lib\readline\tilde.c, 0
make_child, bash-4.2\jobs.c, 0
memory_out, bash-4.2\lib\termcap\tparam.c, 0
reap_dead_jobs, bash-4.2\jobs.h, 0
wait_for_background_pids, bash-4.2\jobs.c, 0
unlink_builtin, bash-4.2\examples\loadables\unlink.c, 0
async_redirect_stdin, bash-4.2\execute_cmd.c, 0
bind_lastarg, bash-4.2\execute_cmd.c, 0
builtin_status, bash-4.2\execute_cmd.c, 0
cleanup_redirects, bash-4.2\execute_cmd.c, 0
close_pipes, bash-4.2\execute_cmd.c, 0
do_piping, bash-4.2\execute_cmd.c, 0
dup_error, bash-4.2\execute_cmd.c, 0
execute_builtin, bash-4.2\execute_cmd.c, 0
execute_builtin_or_function, bash-4.2\execute_cmd.c, 0
execute_case_command, bash-4.2\execute_cmd.c, 0
execute_connection, bash-4.2\execute_cmd.c, 0
execute_disk_command, bash-4.2\execute_cmd.c, 0
execute_for_command, bash-4.2\execute_cmd.c, 0
execute_function, bash-4.2\execute_cmd.c, 0
execute_if_command, bash-4.2\execute_cmd.c, 0
execute_in_subshell, bash-4.2\execute_cmd.c, 0
execute_intern_function, bash-4.2\execute_cmd.c, 0
execute_null_command, bash-4.2\execute_cmd.c, 0
execute_pipeline, bash-4.2\execute_cmd.c, 3
execute_shell_script, bash-4.2\execute_cmd.c, 0
execute_simple_command, bash-4.2\execute_cmd.c, 0
execute_subshell_builtin_or_function, bash-4.2\execute_cmd.c, 0
execute_until_command, bash-4.2\execute_cmd.c, 0
execute_while_command, bash-4.2\execute_cmd.c, 0
execute_while_or_until, bash-4.2\execute_cmd.c, 0
fix_assignment_words, bash-4.2\execute_cmd.c, 4
getinterp, bash-4.2\execute_cmd.c, 0
initialize_subshell, bash-4.2\execute_cmd.c, 0
is_dirname, bash-4.2\execute_cmd.c, 0
lastpipe_cleanup, bash-4.2\execute_cmd.c, 0
restore_stdin, bash-4.2\execute_cmd.c, 0
shell_control_structure, bash-4.2\execute_cmd.c, 0
set_dollar_vars_changed, bash-4.2\builtins\common.h, 0
builtin_address, bash-4.2\builtins\common.c, 0
builtin_error_prolog, bash-4.2\builtins\common.c, 0
builtin_warning, bash-4.2\builtins\common.c, 0
display_signal_list, bash-4.2\builtins\common.c, 0
dollar_vars_changed, bash-4.2\builtins\common.c, 0
get_exitstat, bash-4.2\builtins\common.c, 0
no_args, bash-4.2\builtins\common.c, 0
read_octal, bash-4.2\builtins\common.c, 0
sh_badpid, bash-4.2\builtins\common.c, 0
sh_chkwrite, bash-4.2\builtins\common.c, 0
sh_erange, bash-4.2\builtins\common.c, 0
sh_invalidid, bash-4.2\builtins\common.c, 0
sh_invalidoptname, bash-4.2\builtins\common.c, 0
sh_invalidsig, bash-4.2\builtins\common.c, 0
sh_notbuiltin, bash-4.2\builtins\common.c, 0
sh_notfound, bash-4.2\builtins\common.c, 0
sh_ttyerror, bash-4.2\builtins\common.c, 0
sh_wrerror, bash-4.2\builtins\common.c, 0
shell_builtin_compare, bash-4.2\builtins\common.c, 0
_find_in_table, bash-4.2\builtins\mkbuiltins.c, 0
add_documentation, bash-4.2\builtins\mkbuiltins.c, 0
array_add, bash-4.2\builtins\mkbuiltins.c, 0
array_create, bash-4.2\builtins\mkbuiltins.c, 0
array_free, bash-4.2\builtins\mkbuiltins.c, 0
builtin_handler, bash-4.2\builtins\mkbuiltins.c, 0
comment_handler, bash-4.2\builtins\mkbuiltins.c, 0
copy_builtin, bash-4.2\builtins\mkbuiltins.c, 0
copy_string_array, bash-4.2\builtins\mkbuiltins.c, 0
current_builtin, bash-4.2\builtins\mkbuiltins.c, 0
depends_on_handler, bash-4.2\builtins\mkbuiltins.c, 0
docname_handler, bash-4.2\builtins\mkbuiltins.c, 0
end_handler, bash-4.2\builtins\mkbuiltins.c, 0
extract_info, bash-4.2\builtins\mkbuiltins.c, 0
fcopy, bash-4.2\lib\readline\examples\rlcat.c, 0
find_directive, bash-4.2\builtins\mkbuiltins.c, 0
free_builtin, bash-4.2\builtins\mkbuiltins.c, 0
free_defs, bash-4.2\builtins\mkbuiltins.c, 0
function_handler, bash-4.2\builtins\mkbuiltins.c, 0
get_arg, bash-4.2\builtins\mkbuiltins.c, 0
is_assignment_builtin, bash-4.2\builtins\mkbuiltins.c, 0
is_posix_builtin, bash-4.2\builtins\mkbuiltins.c, 0
is_special_builtin, bash-4.2\builtins\mkbuiltins.c, 0
line_error, bash-4.2\builtins\mkbuiltins.c, 0
mark_dead_jobs_as_notified, bash-4.2\jobs.c, 0
must_be_building, bash-4.2\builtins\mkbuiltins.c, 0
produces_handler, bash-4.2\builtins\mkbuiltins.c, 0
remove_trailing_whitespace, bash-4.2\builtins\mkbuiltins.c, 0
rename, bash-4.2\builtins\mkbuiltins.c, 0
save_builtin, bash-4.2\builtins\mkbuiltins.c, 0
short_doc_handler, bash-4.2\builtins\mkbuiltins.c, 0
strip_whitespace, bash-4.2\builtins\mkbuiltins.c, 0
write_builtins, bash-4.2\builtins\mkbuiltins.c, 0
write_documentation, bash-4.2\builtins\mkbuiltins.c, 0
write_endifs, bash-4.2\builtins\mkbuiltins.c, 0
write_file_footers, bash-4.2\builtins\mkbuiltins.c, 0
write_file_headers, bash-4.2\builtins\mkbuiltins.c, 0
write_helpfiles, bash-4.2\builtins\mkbuiltins.c, 0
write_ifdefs, bash-4.2\builtins\mkbuiltins.c, 0
write_longdocs, bash-4.2\builtins\mkbuiltins.c, 0
xmalloc, bash-4.2\xmalloc.c, 0
xrealloc, bash-4.2\xmalloc.c, 0
_rl_callback_newline, bash-4.2\lib\readline\callback.c, 0
template_builtin, bash-4.2\examples\loadables\template.c, 0
libintl_dngettext, bash-4.2\lib\intl\dngettext.c, 0
count_all_jobs, bash-4.2\nojobs.c, 0
glue_prefix_and_suffix, bash-4.2\lib\tilde\tilde.c, 0
programming_error, bash-4.2\CWRU\misc\errlist.c, 0
sh_unset_nodelay_mode, bash-4.2\general.c, 0
trap_to_sighandler, bash-4.2\trap.c, 0
bgp_clear, bash-4.2\jobs.c, 0
bgp_prune, bash-4.2\jobs.c, 0
cleanup_dead_jobs, bash-4.2\jobs.c, 0
compact_jobs_list, bash-4.2\jobs.c, 0
current_working_directory, bash-4.2\jobs.c, 0
discard_pipeline, bash-4.2\jobs.c, 0
find_last_pid, bash-4.2\jobs.c, 0
find_last_proc, bash-4.2\jobs.c, 0
file_error, bash-4.2\error.c, 0
freeze_jobs_list, bash-4.2\nojobs.c, 0
ignore_tty_job_signals, bash-4.2\jobs.h, 0
initialize_job_control, bash-4.2\nojobs.c, 0
isolate_tilde_prefix, bash-4.2\lib\tilde\tilde.c, 0
job_last_running, bash-4.2\jobs.c, 0
job_last_stopped, bash-4.2\jobs.c, 0
job_signal_status, bash-4.2\jobs.c, 0
job_working_directory, bash-4.2\jobs.c, 0
main, bash-4.2\lib\readline\examples\rl.c, 0
map_over_jobs, bash-4.2\jobs.c, 0
mark_all_jobs_as_dead, bash-4.2\jobs.c, 0
make_child, bash-4.2\nojobs.c, 0
most_recent_job_in_state, bash-4.2\jobs.c, 0
notify_of_job_status, bash-4.2\jobs.c, 0
pretty_print_job, bash-4.2\jobs.c, 0
print_job, bash-4.2\jobs.c, 0
print_pipeline, bash-4.2\jobs.c, 0
printable_job_status, bash-4.2\jobs.c, 0
process_exit_signal, bash-4.2\jobs.c, 0
memory_out, bash-4.2\lib\termcap\termcap.c, 0
processes_in_job, bash-4.2\jobs.c, 0
raw_job_exit_status, bash-4.2\jobs.c, 0
realloc_jobs_list, bash-4.2\jobs.c, 0
reset_current, bash-4.2\jobs.c, 0
reset_job_indices, bash-4.2\jobs.c, 0
reap_dead_jobs, bash-4.2\nojobs.c, 0
set_current_job, bash-4.2\jobs.c, 0
set_job_running, bash-4.2\jobs.c, 0
set_job_status_and_cleanup, bash-4.2\jobs.c, 0
set_new_line_discipline, bash-4.2\jobs.c, 0
restore_sigint_handler, bash-4.2\nojobs.c, 0
setjstatus, bash-4.2\jobs.c, 0
sigchld_handler, bash-4.2\jobs.c, 0
sigcont_sighandler, bash-4.2\jobs.c, 0
sigstop_sighandler, bash-4.2\jobs.c, 0
start_pipeline, bash-4.2\jobs.h, 0
stop_making_children, bash-4.2\nojobs.c, 0
tcgetpgrp, bash-4.2\jobs.c, 0
tilde_find_suffix, bash-4.2\lib\tilde\tilde.c, 0
usage, bash-4.2\support\bashversion.c, 0
wait_for_background_pids, bash-4.2\nojobs.c, 0
confstr, bash-4.2\examples\loadables\getconf.c, 0
getconf_all, bash-4.2\examples\loadables\getconf.c, 0
getconf_builtin, bash-4.2\examples\loadables\getconf.c, 0
getconf_help, bash-4.2\examples\loadables\getconf.c, 0
getconf_one, bash-4.2\examples\loadables\getconf.c, 0
getconf_print, bash-4.2\examples\loadables\getconf.c, 0
pathconf, bash-4.2\examples\loadables\getconf.c, 0
sysconf, bash-4.2\examples\loadables\getconf.c, 0
mark_dead_jobs_as_notified, bash-4.2\nojobs.c, 0
usage, bash-4.2\mksyntax.c, 0
xfree, bash-4.2\lib\readline\xfree.c, 0
xmalloc, bash-4.2\lib\termcap\tparam.c, 0
path_is_devfd, bash-4.2\lib\sh\eaccess.c, 0
sh_stataccess, bash-4.2\lib\sh\eaccess.c, 0
collsym, bash-4.2\lib\glob\smatch.c, 0
is_cclass, bash-4.2\lib\glob\smatch.c, 0
_run_trap_internal, bash-4.2\trap.c, 0
change_signal, bash-4.2\trap.c, 0
free_trap_command, bash-4.2\trap.c, 0
free_trap_string, bash-4.2\trap.c, 0
get_original_signal, bash-4.2\trap.c, 0
initialize_signames, bash-4.2\support\signames.c, 0
reset_or_restore_signal_handlers, bash-4.2\trap.c, 0
reset_signal, bash-4.2\trap.c, 0
restore_signal, bash-4.2\trap.c, 0
set_original_signal, bash-4.2\trap.c, 0
trap_handler, bash-4.2\trap.c, 0
main, bash-4.2\CWRU\misc\sigstat.c, 0
xfree, bash-4.2\xmalloc.c, 0
xmalloc, bash-4.2\lib\termcap\termcap.c, 0
make_bare_simple_command, bash-4.2\make_cmd.c, 0
make_command, bash-4.2\make_cmd.c, 0
make_word_flags, bash-4.2\make_cmd.c, 0
make_word_from_token, bash-4.2\make_cmd.c, 0
bind_textdomain_codeset, bash-4.2\lib\intl\intl-compat.c, 0
bindtextdomain, bash-4.2\lib\intl\intl-compat.c, 0
dcgettext, bash-4.2\lib\intl\intl-compat.c, 0
dcngettext, bash-4.2\lib\intl\intl-compat.c, 0
dgettext, bash-4.2\lib\intl\intl-compat.c, 0
dngettext, bash-4.2\lib\intl\intl-compat.c, 0
gettext, bash-4.2\lib\intl\intl-compat.c, 0
ngettext, bash-4.2\lib\intl\intl-compat.c, 0
textdomain, bash-4.2\lib\intl\intl-compat.c, 0
asprintf, bash-4.2\lib\sh\snprintf.c, 0
chkinfnan, bash-4.2\lib\sh\snprintf.c, 0
dfallback, bash-4.2\lib\sh\snprintf.c, 0
exponent, bash-4.2\lib\sh\snprintf.c, 0
floating, bash-4.2\lib\sh\snprintf.c, 0
groupnum, bash-4.2\lib\sh\snprintf.c, 0
init_conv_flag, bash-4.2\lib\sh\snprintf.c, 0
init_data, bash-4.2\lib\sh\snprintf.c, 0
integral, bash-4.2\lib\sh\snprintf.c, 0
isinf, bash-4.2\lib\sh\snprintf.c, 0
isnan, bash-4.2\lib\sh\snprintf.c, 0
log_10, bash-4.2\lib\sh\snprintf.c, 0
number, bash-4.2\lib\sh\snprintf.c, 0
numtoa, bash-4.2\lib\sh\snprintf.c, 0
pointer, bash-4.2\lib\sh\snprintf.c, 0
pow_10, bash-4.2\lib\sh\snprintf.c, 0
snprintf, bash-4.2\lib\sh\snprintf.c, 0
strings, bash-4.2\lib\sh\snprintf.c, 0
vasprintf, bash-4.2\lib\sh\snprintf.c, 0
vsnprintf, bash-4.2\lib\sh\snprintf.c, 0
vsnprintf_internal, bash-4.2\lib\sh\snprintf.c, 0
_rl_find_next_mbchar, bash-4.2\lib\readline\mbutil.c, 0
_rl_find_prev_mbchar, bash-4.2\lib\readline\mbutil.c, 0
_rl_nsearch_abort, bash-4.2\lib\readline\search.c, 0
_rl_nsearch_cleanup, bash-4.2\lib\readline\search.c, 0
_rl_nsearch_dispatch, bash-4.2\lib\readline\search.c, 0
_rl_nsearch_dosearch, bash-4.2\lib\readline\search.c, 0
_rl_nsearch_init, bash-4.2\lib\readline\search.c, 0
make_history_line_current, bash-4.2\lib\readline\search.c, 0
noninc_dosearch, bash-4.2\lib\readline\search.c, 0
noninc_search, bash-4.2\lib\readline\search.c, 0
noninc_search_from_pos, bash-4.2\lib\readline\search.c, 0
rl_history_search_internal, bash-4.2\lib\readline\search.c, 0
rl_history_search_reinit, bash-4.2\lib\readline\search.c, 0
mindist, bash-4.2\lib\sh\spell.c, 0
spdist, bash-4.2\lib\sh\spell.c, 0
locale_setblanks, bash-4.2\locale.c, 0
reset_locale_vars, bash-4.2\locale.c, 0
_rl_bind_tty_special_chars, bash-4.2\lib\readline\rltty.c, 0
get_tty_settings, bash-4.2\lib\readline\rltty.c, 0
prepare_terminal_settings, bash-4.2\lib\readline\rltty.c, 0
rltty_set_default_bindings, bash-4.2\lib\readline\rltty.c, 0
save_tty_chars, bash-4.2\lib\readline\rltty.c, 0
set_special_char, bash-4.2\lib\readline\rltty.c, 0
set_tty_settings, bash-4.2\lib\readline\rltty.c, 0
set_winsize, bash-4.2\lib\readline\rltty.c, 0
_evalfile, bash-4.2\builtins\evalfile.c, 0
source_file, bash-4.2\builtins\evalfile.c, 0
main, bash-4.2\support\bashversion.c, 0
glob_vector, bash-4.2\lib\glob\glob.h, 0
finddirs, bash-4.2\lib\glob\glob.c, 0
glob_dir_to_array, bash-4.2\lib\glob\glob.c, 0
glob_filename, bash-4.2\lib\glob\glob.c, 0
glob_pattern_p, bash-4.2\lib\glob\glob.c, 0
glob_testdir, bash-4.2\lib\glob\glob.c, 0
skipname, bash-4.2\lib\glob\glob.c, 0
udequote_pathname, bash-4.2\lib\glob\glob.c, 0
uname_builtin, bash-4.2\examples\loadables\uname.c, 0
uprint, bash-4.2\examples\loadables\uname.c, 0
basename_builtin, bash-4.2\examples\loadables\basename.c, 0
_path_readlink, bash-4.2\lib\sh\pathphys.c, 0
bperl_builtin, bash-4.2\examples\loadables\perl\bperl.c, 0
init_signames, bash-4.2\CWRU\misc\sigstat.c, 0
sigstat, bash-4.2\CWRU\misc\sigstat.c, 0
__mktime_internal, bash-4.2\lib\sh\mktime.c, 0
mktime, bash-4.2\lib\sh\mktime.c, 0
my_localtime_r, bash-4.2\lib\sh\mktime.c, 0
ydhms_tm_diff, bash-4.2\lib\sh\mktime.c, 0
_rl_copy_to_kill_ring, bash-4.2\lib\readline\kill.c, 0
_rl_copy_word_as_kill, bash-4.2\lib\readline\kill.c, 0
region_kill_internal, bash-4.2\lib\readline\kill.c, 0
rl_yank_nth_arg_internal, bash-4.2\lib\readline\kill.c, 0
id_builtin, bash-4.2\examples\loadables\id.c, 0
id_prall, bash-4.2\examples\loadables\id.c, 0
id_prgroups, bash-4.2\examples\loadables\id.c, 0
id_prgrp, bash-4.2\examples\loadables\id.c, 0
id_pruser, bash-4.2\examples\loadables\id.c, 0
inituser, bash-4.2\examples\loadables\id.c, 0
set_deftext, bash-4.2\lib\readline\examples\rl.c, 0
main, bash-4.2\builtins\mkbuiltins.c, 0
printenv_builtin, bash-4.2\examples\loadables\printenv.c, 0
strlist_from_word_list, bash-4.2\lib\sh\stringlist.c, 0
strlist_to_word_list, bash-4.2\lib\sh\stringlist.c, 0
tilde_expand, bash-4.2\lib\tilde\tilde.c, 0
get_tty_state, bash-4.2\jobs.h, 0
initialize_job_signals, bash-4.2\nojobs.c, 0
strerror, bash-4.2\mksyntax.c, 0
tilde_expand_word, bash-4.2\lib\tilde\tilde.h, 0
tilde_find_prefix, bash-4.2\lib\tilde\tilde.c, 0
isleap, bash-4.2\lib\sh\strftime.c, 0
iso8601wknum, bash-4.2\lib\sh\strftime.c, 0
max, bash-4.2\lib\sh\strftime.c, 0
min, bash-4.2\lib\sh\strftime.c, 0
weeknumber, bash-4.2\lib\sh\strftime.c, 0
make_path, bash-4.2\examples\loadables\mkdir.c, 0
mkdir_builtin, bash-4.2\examples\loadables\mkdir.c, 0
make_cond_command, bash-4.2\make_cmd.c, 0
make_for_or_select, bash-4.2\make_cmd.c, 0
make_until_or_while, bash-4.2\make_cmd.c, 0
tt_setcbreak, bash-4.2\lib\sh\shtty.c, 0
tt_seteightbit, bash-4.2\lib\sh\shtty.c, 0
tt_setnocanon, bash-4.2\lib\sh\shtty.c, 0
tt_setnoecho, bash-4.2\lib\sh\shtty.c, 0
tt_setonechar, bash-4.2\lib\sh\shtty.c, 0
ttattr, bash-4.2\lib\sh\shtty.c, 0
ttcbreak, bash-4.2\lib\sh\shtty.c, 0
tteightbit, bash-4.2\lib\sh\shtty.c, 0
ttfd_cbreak, bash-4.2\lib\sh\shtty.c, 0
ttfd_eightbit, bash-4.2\lib\sh\shtty.c, 0
ttfd_nocanon, bash-4.2\lib\sh\shtty.c, 0
ttfd_noecho, bash-4.2\lib\sh\shtty.c, 0
ttfd_onechar, bash-4.2\lib\sh\shtty.c, 0
ttnocanon, bash-4.2\lib\sh\shtty.c, 0
ttnoecho, bash-4.2\lib\sh\shtty.c, 0
ttonechar, bash-4.2\lib\sh\shtty.c, 0
ttrestore, bash-4.2\lib\sh\shtty.c, 0
ttsave, bash-4.2\lib\sh\shtty.c, 0
rename, bash-4.2\lib\sh\rename.c, 0
ere_char, bash-4.2\pathexp.c, 0
glob_name_is_acceptable, bash-4.2\pathexp.c, 0
ignore_globbed_names, bash-4.2\pathexp.c, 0
split_ignorespec, bash-4.2\pathexp.c, 0
finfo_builtin, bash-4.2\examples\loadables\finfo.c, 0
finfo_main, bash-4.2\examples\loadables\finfo.c, 0
getperm, bash-4.2\examples\loadables\finfo.c, 0
getstat, bash-4.2\examples\loadables\finfo.c, 0
octal, bash-4.2\examples\loadables\finfo.c, 0
perms, bash-4.2\examples\loadables\finfo.c, 0
printfinfo, bash-4.2\examples\loadables\finfo.c, 0
printmode, bash-4.2\examples\loadables\finfo.c, 0
printsome, bash-4.2\examples\loadables\finfo.c, 0
printst, bash-4.2\examples\loadables\finfo.c, 0
file_head, bash-4.2\examples\loadables\head.c, 0
head_builtin, bash-4.2\examples\loadables\head.c, 0
munge_list, bash-4.2\examples\loadables\head.c, 0
ibuffer_space, bash-4.2\lib\readline\input.c, 0
rl_gather_tyi, bash-4.2\lib\readline\input.c, 0
rl_get_char, bash-4.2\lib\readline\input.c, 0
bind_termcap_arrow_keys, bash-4.2\lib\readline\terminal.c, 0
get_term_capabilities, bash-4.2\lib\readline\terminal.c, 0
sleep_builtin, bash-4.2\examples\loadables\sleep.c, 0
_cut_strsep, bash-4.2\examples\loadables\cut.c, 0
c_cut, bash-4.2\examples\loadables\cut.c, 0
cut_builtin, bash-4.2\examples\loadables\cut.c, 0
f_cut, bash-4.2\examples\loadables\cut.c, 0
get_list, bash-4.2\examples\loadables\cut.c, 0
write_signames, bash-4.2\support\mksignames.c, 0
main, bash-4.2\lib\readline\examples\rlcat.c, 0
main, bash-4.2\support\man2html.c, 0
main, bash-4.2\support\xcase.c, 0
main, bash-4.2\support\printenv.c, 0
main, bash-4.2\CWRU\misc\open-files.c, 0
main, bash-4.2\lib\readline\examples\excallback.c, 0
main, bash-4.2\support\recho.c, 0
main, bash-4.2\CWRU\misc\sigs.c, 0
main, bash-4.2\mksyntax.c, 0
main, bash-4.2\shell.c, 0
main, bash-4.2\CWRU\misc\errlist.c, 0
main, bash-4.2\builtins\psize.c, 0
main, bash-4.2\lib\readline\examples\histexamp.c, 0
main, bash-4.2\lib\readline\examples\fileman.c, 0
main, bash-4.2\support\zecho.c, 0
main, bash-4.2\lib\readline\examples\rltest.c, 0
usage, bash-4.2\lib\readline\examples\rlcat.c, 0
usage, bash-4.2\support\man2html.c, 0
xrealloc, bash-4.2\lib\termcap\termcap.c, 0
yydestruct, bash-4.2\lib\intl\plural.c, 0
yydestruct, bash-4.2\y.tab.c, 0
